const,MonthlyIncome,Age,DailyRate,MonthlyRate,TotalWorkingYears,OverTime,HourlyRate,DistanceFromHome,YearsAtCompany,PercentSalaryHike,EnvironmentSatisfaction,NumCompaniesWorked
1.0,5993,41,1102,19479,8,1,94,1,6,11,2,8
1.0,5130,49,279,24907,10,2,61,8,10,23,3,1
1.0,2090,37,1373,2396,7,1,92,2,0,15,4,6
1.0,2909,33,1392,23159,8,1,56,3,8,11,4,1
1.0,3468,27,591,16632,6,2,40,2,2,12,1,9
1.0,3068,32,1005,11864,8,2,79,2,7,13,4,0
1.0,2670,59,1324,9964,12,1,81,3,1,20,3,4
1.0,2693,30,1358,13335,1,2,67,24,1,22,4,1
1.0,9526,38,216,8787,10,2,44,23,9,21,4,0
1.0,5237,36,1299,16577,17,2,94,27,7,13,3,6
1.0,2426,35,809,16479,6,2,84,16,5,13,1,0
1.0,4193,29,153,12682,10,1,49,15,9,12,4,0
1.0,2911,31,670,15170,5,2,31,26,5,17,1,1
1.0,2661,34,1346,8758,3,2,93,19,2,11,2,0
1.0,2028,28,103,12947,6,1,50,24,4,14,3,5
1.0,9980,29,1389,10195,10,2,51,21,10,11,2,1
1.0,3298,32,334,15053,7,1,80,5,6,12,1,0
1.0,2935,22,1123,7324,1,1,96,16,1,13,4,1
1.0,15427,53,1219,22021,31,2,78,2,25,16,1,2
1.0,3944,38,371,4306,6,1,45,2,3,11,4,5
1.0,4011,24,673,8232,5,2,96,11,4,18,1,0
1.0,3407,36,1218,6986,10,2,82,9,5,23,3,7
1.0,11994,34,419,21293,13,2,53,7,12,11,1,0
1.0,1232,21,391,19281,0,2,96,15,0,14,3,1
1.0,2960,34,699,17102,8,2,83,6,4,11,2,2
1.0,19094,53,1282,10735,26,2,58,5,14,11,3,4
1.0,3919,32,1125,4681,10,1,72,16,10,22,2,1
1.0,6825,42,691,21173,10,2,48,8,9,11,3,0
1.0,10248,44,477,2094,24,2,42,7,22,14,1,3
1.0,18947,46,705,22822,22,2,83,2,2,12,2,3
1.0,2496,33,924,6670,7,2,78,2,1,11,3,4
1.0,6465,44,1459,19121,9,1,41,10,4,13,4,2
1.0,2206,30,125,16117,10,2,83,9,10,13,4,1
1.0,2086,39,895,3335,19,2,56,5,1,14,4,3
1.0,2293,24,813,3020,6,1,61,1,2,16,2,2
1.0,2645,43,1273,21923,6,2,72,2,5,12,4,1
1.0,2683,50,869,3810,3,1,86,3,3,14,1,1
1.0,2014,35,890,9687,2,2,97,2,2,13,4,1
1.0,3419,36,852,13072,6,1,82,5,1,14,2,9
1.0,5376,33,1141,3193,10,2,42,1,5,19,3,2
1.0,1951,35,464,10910,1,2,75,4,1,12,3,1
1.0,2341,27,1240,19715,1,2,33,2,1,13,4,1
1.0,2293,26,1357,10558,1,2,48,25,1,12,1,1
1.0,8726,27,994,2975,9,2,37,8,9,15,4,1
1.0,4011,30,721,10781,12,2,58,1,12,23,3,1
1.0,19545,41,1360,16280,23,2,49,12,22,12,2,1
1.0,4568,34,1065,10034,10,2,72,23,9,20,2,0
1.0,3022,37,408,10227,8,2,73,19,1,21,2,4
1.0,5772,46,1211,20445,14,1,98,5,9,21,1,4
1.0,2269,35,1229,4892,1,2,36,8,1,19,4,1
1.0,5381,48,626,19294,23,1,98,1,1,13,1,9
1.0,3441,28,1434,11179,2,1,50,5,2,13,3,1
1.0,5454,44,1488,4009,9,1,75,1,4,21,2,5
1.0,9884,35,1097,8302,10,1,79,11,4,13,3,2
1.0,4157,26,1443,21436,5,1,47,23,2,19,3,7
1.0,13458,33,515,15146,15,1,98,1,15,12,1,1
1.0,9069,35,853,11031,9,2,71,18,9,22,2,1
1.0,4014,35,1142,16002,4,1,30,23,2,15,3,3
1.0,5915,31,655,9528,10,2,48,7,7,22,4,3
1.0,5993,37,1115,2689,7,2,51,1,7,18,1,1
1.0,6162,32,427,10877,9,1,33,1,9,22,1,1
1.0,2406,38,653,5456,10,2,50,29,10,11,4,1
1.0,18740,50,989,16701,29,1,43,7,27,12,2,5
1.0,7637,59,1435,2354,28,2,99,25,21,11,1,7
1.0,10096,36,1223,8202,17,2,59,8,17,13,3,1
1.0,14756,55,836,19730,21,1,33,8,5,14,4,2
1.0,6499,36,1195,22656,6,2,95,11,6,13,2,1
1.0,9724,45,1339,18787,25,2,59,7,1,17,2,2
1.0,2194,35,664,5868,5,2,79,1,3,13,2,4
1.0,3388,36,318,21777,2,1,79,9,1,17,4,0
1.0,5473,59,1225,24668,20,2,57,1,4,11,1,7
1.0,2703,29,1328,4956,6,2,76,2,5,23,3,0
1.0,2501,31,1082,18775,1,2,87,1,1,17,3,1
1.0,6220,32,548,7346,10,2,66,1,10,17,2,1
1.0,3038,36,132,22002,5,2,55,6,1,12,2,3
1.0,4424,31,746,20682,11,2,61,8,11,23,3,1
1.0,4312,35,776,23016,16,2,32,1,15,14,3,0
1.0,13245,45,193,15067,17,1,52,6,0,14,4,4
1.0,13664,37,397,25258,16,2,30,7,5,13,1,4
1.0,5021,46,945,10425,16,1,80,5,4,22,2,8
1.0,5126,30,852,15998,10,1,55,1,10,12,4,1
1.0,2859,35,1214,26278,6,2,30,1,6,18,2,1
1.0,10239,55,111,18092,24,2,70,1,1,14,1,3
1.0,5329,38,573,15717,17,1,79,6,13,12,2,7
1.0,4325,34,1153,17736,5,2,94,1,5,15,1,1
1.0,7260,56,1400,21698,37,2,49,7,6,11,4,4
1.0,2322,23,541,9518,3,2,62,2,0,13,3,3
1.0,2075,51,432,18725,10,2,96,9,4,23,4,3
1.0,4152,30,288,15830,11,2,99,2,11,19,3,1
1.0,9619,46,669,13596,9,2,64,9,9,16,3,1
1.0,13503,40,530,14115,22,2,78,1,22,22,3,1
1.0,5441,51,632,8423,11,1,71,21,10,22,3,0
1.0,5209,30,1334,19760,11,1,63,4,11,12,3,1
1.0,10673,46,638,3142,21,1,40,1,10,13,3,2
1.0,5010,32,1093,24301,12,2,87,6,11,16,2,1
1.0,13549,54,1217,24001,16,2,60,2,4,12,1,9
1.0,4999,24,1353,17519,4,2,33,3,3,21,1,0
1.0,4221,28,120,8863,5,2,43,4,5,15,2,1
1.0,13872,58,682,24409,38,2,37,10,37,13,4,0
1.0,2042,44,489,25043,17,2,67,23,3,12,2,4
1.0,2073,37,807,23648,7,1,63,6,3,22,3,4
1.0,2956,32,827,15178,1,2,71,1,1,13,4,1
1.0,2926,20,871,19783,1,1,66,6,1,18,4,1
1.0,4809,34,665,12482,16,2,41,6,16,14,1,1
1.0,5163,37,1040,15850,17,2,100,2,1,14,3,5
1.0,18844,59,1420,21922,30,2,32,2,3,21,3,9
1.0,18172,50,1115,9755,28,1,73,1,8,19,1,3
1.0,5744,25,240,26959,6,1,46,5,6,11,3,1
1.0,2889,25,1280,26897,2,2,64,7,2,11,4,1
1.0,2871,22,534,23785,1,2,59,15,0,15,2,1
1.0,7484,51,1456,25796,23,2,30,1,13,20,1,3
1.0,6074,34,658,22887,9,1,66,7,9,24,1,1
1.0,17328,54,142,13871,23,1,30,26,5,12,4,2
1.0,2774,24,1127,13257,6,2,52,18,5,12,2,0
1.0,4505,34,1031,15000,12,2,45,6,1,15,3,6
1.0,7428,37,1189,14506,12,2,87,3,5,12,3,2
1.0,11631,34,1354,5615,14,2,45,5,11,12,3,2
1.0,9738,36,1467,22952,10,2,92,11,9,14,2,0
1.0,2835,36,922,2561,7,2,39,3,1,22,1,5
1.0,16959,43,394,19494,25,1,92,26,25,12,3,1
1.0,2613,30,1312,22310,10,2,96,23,10,25,1,1
1.0,6146,33,750,15480,8,2,95,22,7,13,3,0
1.0,4963,56,441,4510,7,1,72,14,5,18,2,9
1.0,19537,51,684,6462,23,2,51,6,20,13,1,7
1.0,6172,31,249,20739,12,1,76,6,7,18,2,4
1.0,2368,26,841,23300,5,2,46,6,5,19,3,1
1.0,10312,58,147,3465,40,2,94,23,40,12,4,1
1.0,1675,19,528,26820,0,1,50,22,0,19,4,1
1.0,2523,22,594,19299,3,2,100,2,2,14,3,0
1.0,6567,49,470,5549,16,2,96,20,15,14,3,1
1.0,4739,43,957,16090,18,2,72,28,3,12,2,4
1.0,9208,50,809,6645,16,2,77,12,2,11,3,4
1.0,4559,31,542,24788,4,1,71,20,2,11,2,3
1.0,8189,41,802,21196,12,1,96,9,9,13,3,3
1.0,2942,26,1355,8916,8,2,61,25,8,23,3,1
1.0,4941,36,216,2819,7,2,84,6,3,20,2,6
1.0,10650,51,1150,25150,18,2,53,8,4,15,1,2
1.0,5902,39,1329,14590,17,2,47,4,15,14,4,4
1.0,8639,25,959,24835,6,2,41,28,2,18,1,2
1.0,6347,30,1240,13982,12,1,48,9,11,19,3,0
1.0,4200,32,1033,10224,10,2,41,9,5,22,1,7
1.0,3452,45,1316,9752,9,2,83,29,6,13,3,5
1.0,4317,38,364,2302,19,1,32,3,3,20,4,3
1.0,2632,30,438,23910,5,2,75,18,5,14,1,1
1.0,4668,32,689,22812,9,2,35,9,8,17,4,0
1.0,3204,30,201,10415,8,2,84,5,3,14,4,5
1.0,2720,30,1427,11162,6,2,35,2,5,13,2,0
1.0,17181,41,857,12888,21,2,91,10,7,13,4,4
1.0,2238,41,933,6961,7,2,94,9,5,21,3,2
1.0,1483,19,1181,16102,1,2,79,3,1,14,2,1
1.0,5605,40,1395,8504,20,2,54,26,20,11,2,1
1.0,7295,35,662,11439,10,2,94,1,10,13,3,1
1.0,2306,53,1436,16047,13,1,34,6,7,20,2,2
1.0,2348,45,194,10901,20,2,60,9,17,18,2,8
1.0,8998,32,967,15589,9,2,43,8,9,14,2,1
1.0,4319,29,1496,26283,10,2,41,1,10,13,4,1
1.0,6132,51,1169,13983,10,2,34,7,1,17,2,2
1.0,3346,58,1145,11873,9,1,75,9,1,20,2,4
1.0,10855,40,630,8552,15,2,67,4,12,11,3,7
1.0,2231,34,303,11314,6,2,75,2,4,18,3,6
1.0,2323,22,1256,11992,2,2,80,19,2,24,3,1
1.0,2024,27,691,5970,6,2,57,9,2,18,4,6
1.0,2713,28,440,6672,5,2,42,21,5,11,3,1
1.0,9439,57,334,23402,12,1,83,24,5,16,3,3
1.0,2566,27,1450,25326,1,1,79,3,1,15,3,1
1.0,19926,50,1452,17053,21,2,53,11,5,15,3,3
1.0,2451,41,465,4609,13,2,56,14,9,12,1,4
1.0,9419,30,1339,8053,12,2,41,5,10,12,2,2
1.0,8686,38,702,12930,12,2,59,1,8,22,1,4
1.0,3038,32,120,12430,8,2,43,6,5,20,3,3
1.0,3058,27,1157,13364,6,1,51,17,5,16,3,0
1.0,2325,19,602,20989,1,2,100,1,0,21,3,0
1.0,2088,36,1480,15062,13,2,30,3,8,12,4,4
1.0,3072,30,111,11012,12,2,66,9,12,11,3,1
1.0,5006,45,1268,6319,9,1,30,4,5,11,3,4
1.0,4257,56,713,13939,19,1,67,8,2,18,3,4
1.0,2500,33,134,10515,4,2,90,2,3,14,3,0
1.0,1102,19,303,9241,1,2,47,2,1,22,2,1
1.0,10453,46,526,2137,24,2,92,1,24,25,2,1
1.0,2288,38,1380,6319,2,2,75,9,2,12,3,1
1.0,3929,31,140,6984,7,1,95,12,4,23,3,8
1.0,2311,34,629,5711,9,2,95,27,3,15,4,2
1.0,3140,41,1356,21728,4,1,70,20,4,22,2,1
1.0,3690,50,328,3425,5,2,86,1,3,15,3,2
1.0,4450,53,1084,26250,5,2,57,13,4,11,4,1
1.0,2756,33,931,4673,8,2,72,14,8,13,4,1
1.0,19033,40,989,6499,21,2,46,4,20,14,4,1
1.0,18722,55,692,13339,36,2,61,14,24,11,3,8
1.0,9547,34,1069,14074,10,2,45,2,10,17,4,1
1.0,13734,51,313,7192,21,2,98,3,7,18,4,3
1.0,19999,52,699,5678,34,2,65,1,33,14,3,0
1.0,2279,27,894,11781,7,2,99,9,7,16,4,1
1.0,5916,35,556,15497,8,1,50,23,1,13,2,3
1.0,2089,43,1344,5228,7,2,37,7,5,14,4,4
1.0,16792,45,1195,20462,22,2,65,2,20,23,1,9
1.0,3564,37,290,22977,8,1,65,21,8,12,2,1
1.0,4425,35,138,15986,10,2,37,2,6,11,2,5
1.0,5265,42,926,16439,11,2,36,21,5,16,3,2
1.0,6553,38,1261,7259,14,2,88,2,1,14,4,9
1.0,6261,38,1084,4185,9,2,54,29,7,18,4,3
1.0,4298,27,472,9679,6,2,60,1,2,19,3,5
1.0,6804,49,1002,23793,7,1,92,18,7,15,4,1
1.0,3815,34,878,5972,5,1,43,10,5,17,4,1
1.0,2741,40,905,16523,15,1,99,19,7,15,3,8
1.0,6673,38,1180,11354,17,1,70,29,1,19,2,7
1.0,7639,29,121,24525,10,2,35,27,10,22,2,1
1.0,2328,22,1136,12392,4,1,60,5,4,16,4,1
1.0,2153,36,635,7703,8,2,73,18,8,13,2,1
1.0,4876,40,1151,14242,5,2,63,9,3,14,4,9
1.0,9396,46,644,12368,17,2,97,1,4,16,4,7
1.0,10400,32,1045,25812,14,2,32,4,14,11,4,1
1.0,8474,30,829,20925,12,2,88,1,11,22,3,1
1.0,9981,27,1242,12916,7,2,90,20,7,14,4,1
1.0,12490,51,1469,15736,16,2,81,8,10,16,2,5
1.0,2657,30,1005,8556,8,1,88,3,5,11,4,5
1.0,13591,41,896,14674,16,1,75,6,1,18,4,3
1.0,6696,30,334,22967,9,2,52,26,6,15,3,5
1.0,2058,29,992,19757,7,2,85,1,6,14,3,0
1.0,8865,45,1052,16840,23,2,57,6,19,12,4,6
1.0,5940,54,1147,17011,16,2,52,3,6,14,4,2
1.0,5914,36,1396,9945,16,2,62,5,13,16,4,8
1.0,2622,33,147,13248,7,2,47,4,3,21,3,6
1.0,12185,37,663,10056,10,1,47,11,10,14,2,1
1.0,10609,38,119,9647,17,2,76,3,16,12,1,0
1.0,4345,31,979,4381,6,2,90,1,5,12,3,0
1.0,2177,59,142,8456,7,2,70,3,1,17,3,3
1.0,2793,37,319,2539,13,2,41,4,9,17,1,4
1.0,7918,29,1413,6599,11,2,42,1,11,14,2,1
1.0,8789,35,944,9096,10,2,92,1,10,14,3,1
1.0,2389,29,896,14961,4,1,86,18,4,13,3,1
1.0,3212,52,1323,3300,6,2,89,2,2,15,3,7
1.0,19232,42,532,4933,22,2,58,4,22,11,3,1
1.0,2267,59,818,25657,7,2,52,6,2,17,2,8
1.0,19517,50,854,24118,32,2,68,1,7,11,4,3
1.0,2436,33,813,22149,8,1,58,14,5,13,3,5
1.0,16064,43,1034,7744,22,1,80,16,17,22,4,5
1.0,2707,33,465,21509,13,2,39,2,9,20,1,7
1.0,19068,52,771,21030,33,1,79,2,33,18,1,1
1.0,3931,32,1401,20990,6,2,56,4,4,11,3,2
1.0,3730,32,515,9571,4,1,62,1,3,14,4,0
1.0,2232,39,1431,15417,7,2,96,1,3,14,3,7
1.0,4465,32,976,12069,4,2,100,26,3,18,3,0
1.0,3072,41,1411,19877,17,2,36,19,1,16,3,2
1.0,3319,40,1300,24447,9,2,62,24,9,17,1,1
1.0,19202,45,252,15970,25,2,70,1,24,11,3,0
1.0,13675,31,1327,13523,9,2,73,3,2,12,2,9
1.0,2911,33,832,14776,2,2,63,5,2,13,3,1
1.0,5957,34,470,23687,13,2,84,2,11,13,4,6
1.0,3920,37,1017,18697,17,2,83,1,3,14,3,2
1.0,6434,45,1199,5118,9,2,77,7,3,17,1,4
1.0,10048,37,504,22573,17,2,61,10,1,11,1,6
1.0,10938,39,505,6420,20,2,64,2,19,25,3,0
1.0,2340,29,665,22673,6,2,60,15,6,19,3,1
1.0,6545,42,916,23016,10,1,82,17,3,13,4,3
1.0,6931,29,1247,10732,10,2,45,20,3,14,4,2
1.0,4898,25,685,7505,5,2,62,1,4,12,1,0
1.0,2593,42,269,8007,10,1,56,2,9,11,4,0
1.0,19436,40,1416,5949,22,2,49,2,21,19,1,0
1.0,2723,51,833,23231,1,2,96,1,1,11,3,1
1.0,3479,31,307,11652,6,2,71,29,5,11,3,0
1.0,2794,32,1311,26062,5,2,100,7,5,20,2,1
1.0,5249,38,1327,19682,13,2,39,2,8,18,4,3
1.0,2176,32,128,19737,9,2,84,2,6,13,4,4
1.0,16872,46,488,14977,28,1,75,2,7,12,3,3
1.0,3485,28,529,14935,5,2,79,2,0,11,1,2
1.0,6644,29,1210,3687,10,2,78,2,0,19,1,2
1.0,5582,31,1463,14408,10,2,64,23,9,21,2,0
1.0,4000,25,675,18384,6,2,85,5,6,12,2,1
1.0,13496,45,1385,7501,21,1,79,20,20,14,3,0
1.0,3210,36,1403,20251,16,2,47,6,15,11,4,0
1.0,19045,55,452,18938,37,1,81,1,36,14,4,0
1.0,11849,47,666,10268,10,1,88,29,10,12,1,1
1.0,2070,28,1158,2613,5,2,94,9,5,23,4,1
1.0,6502,37,228,22825,7,2,98,6,5,14,3,4
1.0,3230,21,996,10531,3,2,100,3,3,17,4,1
1.0,13603,37,728,11677,15,1,80,1,5,18,1,2
1.0,11996,35,1315,19100,10,2,71,22,7,18,2,7
1.0,5605,38,322,19191,8,1,44,7,8,24,1,1
1.0,6397,26,1479,26767,6,2,84,1,6,20,3,1
1.0,19144,50,797,15815,28,2,96,4,10,14,1,3
1.0,17584,53,1070,21016,21,1,45,3,5,16,3,3
1.0,4907,42,635,24532,20,2,99,1,20,25,2,1
1.0,4554,29,442,20260,10,2,44,2,10,18,2,1
1.0,5415,55,147,15972,12,1,37,20,10,19,2,3
1.0,4741,26,496,22722,5,1,60,11,5,13,1,1
1.0,2115,37,1372,15881,17,2,42,1,17,12,4,1
1.0,3161,44,920,19920,19,1,43,24,1,22,4,3
1.0,5745,38,688,18899,10,2,82,23,2,14,4,9
1.0,2373,26,1449,14180,5,1,45,16,3,13,1,2
1.0,3310,28,1117,4488,5,2,66,8,5,21,4,1
1.0,18665,49,636,25594,22,1,35,10,3,11,3,9
1.0,4485,36,506,26285,10,2,30,3,8,12,3,4
1.0,2789,31,444,3909,2,2,84,5,2,11,4,1
1.0,5828,26,950,8450,8,1,48,4,8,12,4,1
1.0,2326,37,889,11411,4,1,53,9,4,12,2,1
1.0,13525,42,555,14864,23,2,77,26,20,14,3,5
1.0,1420,18,230,25233,0,2,54,3,0,13,3,1
1.0,8020,35,1232,5100,12,2,96,16,11,15,3,0
1.0,3688,36,566,7122,4,2,81,18,1,18,3,4
1.0,5482,51,1302,16321,13,2,84,2,4,18,4,5
1.0,16015,41,334,15896,22,2,88,2,22,19,4,1
1.0,1200,18,812,9724,0,2,69,10,0,12,4,1
1.0,5661,28,1476,4824,9,2,68,16,8,19,2,0
1.0,6929,31,218,12241,10,2,100,7,8,11,2,4
1.0,9613,39,1132,10942,19,2,48,1,18,17,3,0
1.0,5674,36,1105,6927,11,2,47,24,9,15,2,7
1.0,5484,32,906,16985,13,2,91,7,13,14,4,1
1.0,12061,38,849,26707,19,2,81,25,10,17,1,3
1.0,5660,58,390,17056,12,1,32,1,5,13,4,2
1.0,4821,31,691,10077,6,1,86,5,5,12,3,0
1.0,6410,31,106,17822,9,2,62,2,2,12,1,3
1.0,5210,45,1249,20308,24,2,97,7,24,18,1,1
1.0,2695,31,192,7747,3,1,32,2,2,18,3,0
1.0,11878,33,553,23364,12,2,74,5,10,11,4,6
1.0,17068,39,117,5355,21,1,99,10,21,14,3,1
1.0,2455,43,185,10675,9,2,33,10,8,19,3,0
1.0,13964,49,1091,17810,25,1,90,1,7,12,3,7
1.0,4941,52,723,17747,11,2,85,8,8,15,3,2
1.0,2478,27,1220,20938,4,1,85,5,4,12,3,1
1.0,5228,32,588,24624,13,1,65,8,13,11,3,1
1.0,4478,27,1377,5242,5,1,74,2,5,11,4,1
1.0,7547,31,691,7143,13,2,73,7,7,12,4,4
1.0,5055,32,1018,10557,10,2,74,2,7,16,1,7
1.0,3464,28,1157,24737,5,1,84,2,3,13,1,5
1.0,5775,30,1275,11934,11,2,64,28,10,13,4,1
1.0,8943,31,798,14034,10,2,48,7,10,24,3,1
1.0,19272,39,672,21141,21,2,54,7,21,15,3,1
1.0,5238,39,1162,17778,12,1,41,3,1,18,4,4
1.0,4682,33,508,4317,9,2,46,10,7,14,2,3
1.0,18300,47,1482,16375,21,2,42,5,3,11,4,4
1.0,5257,43,559,6227,9,2,82,10,9,11,3,1
1.0,6349,27,210,22107,6,1,73,1,5,13,3,0
1.0,4869,54,928,16885,20,2,31,20,4,12,4,3
1.0,9985,43,1001,9262,10,2,43,7,1,16,3,8
1.0,3697,45,549,9278,12,2,75,8,10,14,4,9
1.0,7457,40,1124,13273,6,1,57,1,4,22,2,2
1.0,2119,29,318,4759,7,1,77,8,7,11,2,1
1.0,3983,29,738,7621,4,2,30,9,3,17,2,0
1.0,6118,30,570,5431,10,2,30,5,10,13,4,1
1.0,6214,27,1130,3415,8,2,56,8,8,18,2,1
1.0,6347,37,1192,23177,8,2,61,5,6,16,4,7
1.0,11510,38,343,15682,12,1,92,15,11,14,3,0
1.0,7143,31,1232,25713,11,1,39,7,11,14,3,1
1.0,8268,29,144,11866,7,1,39,10,7,14,4,1
1.0,8095,35,1296,18264,17,2,62,5,16,13,3,0
1.0,2904,23,1309,16092,4,2,83,26,4,12,3,1
1.0,6032,41,483,10110,8,1,95,6,5,15,4,6
1.0,2976,47,1309,25751,5,2,99,4,0,19,2,3
1.0,15992,42,810,15901,16,2,44,23,1,14,1,2
1.0,4649,29,746,16928,4,2,61,2,4,14,4,1
1.0,2696,42,544,24017,4,1,52,2,3,11,3,0
1.0,2370,32,1062,3956,8,2,75,2,8,13,3,1
1.0,12504,48,530,23978,15,2,91,29,0,21,1,3
1.0,5974,37,1319,17001,13,1,51,6,7,13,3,4
1.0,4736,30,641,6069,4,1,85,25,2,12,4,7
1.0,5296,26,933,20156,8,2,57,1,8,17,3,1
1.0,6781,42,1332,17078,14,2,98,2,1,23,1,3
1.0,2174,21,756,9150,3,1,99,1,3,11,1,1
1.0,6653,36,845,15276,7,2,45,1,1,15,4,4
1.0,9699,36,541,7246,16,2,48,3,13,11,1,4
1.0,6755,57,593,2967,15,2,88,1,3,11,4,2
1.0,2213,40,1171,22495,10,1,46,10,7,13,4,3
1.0,2610,21,895,2851,3,2,39,9,3,24,1,1
1.0,2851,33,350,9150,1,1,34,5,1,13,4,1
1.0,3452,37,921,17663,17,2,98,10,5,20,3,6
1.0,5258,46,1144,16044,7,2,30,7,1,14,3,2
1.0,9355,41,143,9558,8,2,56,4,8,18,1,1
1.0,10496,50,1046,2755,20,2,100,10,4,15,4,6
1.0,6380,40,575,6110,8,1,68,22,6,12,3,2
1.0,2657,31,408,7551,3,1,42,9,2,16,3,0
1.0,2716,21,156,25422,1,2,90,12,1,15,3,1
1.0,2201,29,1283,18168,6,2,54,23,3,16,4,9
1.0,6540,35,755,19394,10,2,97,9,1,19,3,9
1.0,3816,27,1469,17881,5,2,82,1,5,11,4,1
1.0,5253,28,304,20750,7,2,92,9,7,16,2,1
1.0,10965,49,1261,12066,26,2,31,7,5,24,2,8
1.0,4936,51,1178,14862,18,2,87,14,7,11,3,4
1.0,2543,36,329,11868,6,2,96,2,2,13,4,4
1.0,5304,34,1362,4652,9,1,67,19,5,13,1,8
1.0,16659,55,1311,23258,30,1,97,2,5,13,3,2
1.0,4260,24,1371,5915,5,1,77,10,5,12,4,1
1.0,2476,30,202,17434,1,2,72,2,1,18,3,1
1.0,3102,26,575,6582,7,2,73,3,6,22,3,0
1.0,2244,22,253,24440,2,2,43,11,2,13,1,1
1.0,7596,36,164,3809,10,2,61,2,10,13,2,1
1.0,2285,30,464,3427,3,1,40,4,1,23,3,9
1.0,3034,37,1107,26914,18,2,95,14,18,12,4,1
1.0,5715,40,759,22553,8,2,46,2,5,12,4,7
1.0,2576,42,201,20490,8,2,95,1,5,16,2,3
1.0,4197,37,1305,21123,18,1,49,10,1,12,3,2
1.0,14336,43,982,4345,25,2,59,12,25,11,1,1
1.0,3448,40,555,13436,20,2,78,2,1,22,2,6
1.0,19406,54,821,8509,24,2,86,5,4,11,1,4
1.0,6538,34,1381,12740,6,2,72,4,3,15,3,9
1.0,4306,31,480,4156,13,2,31,7,13,12,2,1
1.0,2258,43,313,15238,8,2,61,21,3,20,4,7
1.0,4522,43,1473,2227,8,1,74,8,5,14,3,4
1.0,4487,25,891,12090,5,1,99,4,5,11,2,1
1.0,4449,37,1063,23866,15,1,72,25,13,15,2,3
1.0,2218,31,329,16193,4,2,98,1,4,12,4,1
1.0,19197,39,1218,8213,21,1,52,1,21,14,2,1
1.0,13212,56,906,18256,36,2,86,6,7,11,3,9
1.0,6577,30,1082,19558,6,2,83,12,5,11,2,0
1.0,8392,41,645,19566,10,2,49,1,10,16,2,1
1.0,4558,28,1300,13535,10,2,79,17,10,12,3,1
1.0,4031,25,688,9396,6,2,91,3,2,13,1,5
1.0,7969,52,319,19609,28,1,39,3,5,14,4,2
1.0,2654,45,192,9655,8,2,69,10,2,21,1,3
1.0,16555,52,1490,10310,31,2,30,4,5,13,4,2
1.0,4556,42,532,12932,19,2,92,29,5,11,1,2
1.0,6091,30,317,24793,11,2,43,2,5,20,3,2
1.0,19566,60,422,3854,33,2,41,7,29,11,1,5
1.0,4810,46,1485,26314,19,2,87,18,10,14,3,2
1.0,4523,42,1368,4386,7,2,88,28,6,11,4,0
1.0,3202,24,1448,21972,6,1,62,1,5,16,1,1
1.0,2351,34,296,12253,3,2,33,6,2,16,4,0
1.0,1702,38,1490,12106,1,1,42,2,1,23,4,1
1.0,18041,40,1398,13022,21,2,79,2,20,14,3,0
1.0,2886,26,1349,3032,3,2,90,23,3,22,1,1
1.0,2097,30,1400,16734,9,2,53,3,5,15,3,4
1.0,11935,29,986,21526,10,2,93,3,10,18,2,1
1.0,2546,29,408,18300,6,2,71,25,2,16,3,5
1.0,2564,19,489,18437,1,2,52,2,1,12,1,1
1.0,8412,30,1398,2890,10,2,69,22,9,11,3,0
1.0,14118,57,210,22102,32,2,56,29,1,12,1,3
1.0,17046,50,1099,9314,28,2,88,29,27,15,2,0
1.0,2564,30,1116,7181,12,2,49,2,11,14,3,0
1.0,10266,60,1499,2845,22,2,80,28,18,19,3,4
1.0,5070,47,983,7389,20,2,65,2,5,13,1,5
1.0,17861,46,1009,2288,26,2,51,2,3,13,1,6
1.0,4230,35,144,19225,6,2,46,22,5,15,4,0
1.0,3780,54,548,23428,19,2,42,8,1,11,3,7
1.0,2768,34,1303,8416,14,2,62,2,7,12,4,3
1.0,9071,46,1125,11563,15,1,94,10,3,19,3,2
1.0,10648,31,1274,14394,13,2,33,9,13,25,3,1
1.0,13610,33,1277,24619,15,1,56,15,7,12,2,7
1.0,3408,33,587,6705,8,2,38,10,4,13,1,7
1.0,2983,30,413,18398,4,2,57,7,3,14,4,0
1.0,7632,35,1276,14295,10,1,72,16,8,12,4,4
1.0,9824,31,534,22908,12,2,66,20,1,12,1,3
1.0,9950,34,988,11533,11,1,43,23,3,15,2,9
1.0,2093,42,1474,9260,8,2,97,5,2,17,2,4
1.0,9980,36,635,15318,10,2,32,10,10,14,2,1
1.0,3894,22,1368,9129,4,2,99,4,2,16,3,5
1.0,4051,48,163,19658,14,2,37,2,9,14,2,2
1.0,16835,55,1117,9873,37,2,83,18,10,23,1,3
1.0,6230,41,267,13430,16,2,56,10,14,14,4,7
1.0,4717,35,619,18659,15,2,85,1,11,11,2,9
1.0,13237,40,302,20364,22,2,75,6,20,15,2,7
1.0,3755,39,443,17872,8,2,48,8,8,11,3,1
1.0,6582,31,828,8346,10,1,77,2,6,13,2,4
1.0,7406,42,319,6950,10,1,56,24,10,21,4,1
1.0,4805,45,561,16177,9,2,61,2,8,19,4,0
1.0,2741,26,426,22808,8,1,58,17,7,11,2,0
1.0,4262,29,232,22645,8,2,34,19,3,12,4,4
1.0,16184,33,922,22578,10,2,95,1,6,19,1,4
1.0,11557,31,688,25291,10,2,44,7,5,21,3,9
1.0,1878,18,1306,8059,0,1,69,5,0,14,2,1
1.0,10932,40,1094,11373,20,2,58,28,1,15,3,3
1.0,6811,41,509,2112,10,1,62,2,8,17,1,2
1.0,4306,26,775,4267,8,2,45,29,0,12,1,5
1.0,4859,35,195,6698,5,2,80,1,5,16,1,1
1.0,5337,34,258,19921,10,2,74,21,10,12,4,1
1.0,2340,26,471,23213,1,1,66,24,1,18,3,1
1.0,7491,37,799,23848,12,2,59,1,6,17,2,4
1.0,10527,46,1034,8984,28,2,86,18,2,11,1,5
1.0,16595,41,1276,5626,22,2,91,2,18,16,2,7
1.0,8834,37,142,24666,9,2,69,9,9,13,1,1
1.0,5577,52,956,22087,18,1,78,6,10,12,4,3
1.0,4707,32,1474,23914,6,2,60,11,4,12,4,8
1.0,2400,24,535,5530,3,2,38,24,2,13,4,0
1.0,9824,38,1495,22174,18,2,76,10,1,19,3,3
1.0,6447,37,446,15701,8,2,65,1,6,12,2,6
1.0,19502,49,1245,2125,31,1,58,18,31,17,4,1
1.0,2725,24,691,21630,6,1,89,23,6,11,2,1
1.0,6272,26,703,7428,6,2,66,28,5,20,1,1
1.0,2127,24,823,9100,1,2,94,17,1,21,4,1
1.0,18200,50,1246,7999,32,2,99,3,32,11,1,1
1.0,2096,25,622,26376,7,2,40,13,7,11,2,1
1.0,2886,24,1287,14168,6,1,55,7,6,16,1,1
1.0,2033,30,448,14470,1,2,74,12,1,18,2,1
1.0,3622,34,254,22794,6,1,83,1,6,13,2,1
1.0,4233,31,1365,11512,9,2,46,13,3,17,2,2
1.0,3681,35,538,14004,9,2,54,25,3,14,1,4
1.0,5460,31,525,6219,13,2,66,6,7,22,1,4
1.0,2187,27,798,5013,6,2,66,6,5,12,1,0
1.0,9602,37,558,3010,17,1,75,2,3,11,4,4
1.0,2836,20,959,11757,1,2,83,1,1,13,4,1
1.0,4089,42,622,5718,10,2,81,2,10,13,3,1
1.0,16627,43,782,2671,21,1,50,6,1,14,2,4
1.0,2619,38,362,14561,8,2,43,1,0,17,3,3
1.0,5679,43,1001,19627,10,1,72,9,8,13,4,3
1.0,15402,48,1236,17997,21,2,40,1,3,11,4,7
1.0,5985,44,1112,26894,10,2,50,1,2,11,1,4
1.0,2579,34,204,2912,8,1,31,14,8,18,3,1
1.0,3041,27,1420,16346,5,2,85,2,4,11,3,0
1.0,3447,21,1343,24444,3,2,49,22,3,11,3,1
1.0,19513,44,1315,9358,26,1,35,3,2,12,4,4
1.0,2773,22,604,12145,3,2,69,6,2,20,1,0
1.0,7104,33,1216,20431,6,2,39,8,5,12,3,0
1.0,6322,32,646,18089,6,1,92,9,6,12,1,1
1.0,2083,30,160,22653,1,2,71,3,1,20,3,1
1.0,8381,53,238,7507,18,2,34,1,14,20,4,7
1.0,2691,34,1397,7660,10,2,42,1,10,12,2,1
1.0,4286,45,306,5630,5,2,100,26,1,14,1,2
1.0,2659,26,991,17759,3,1,71,6,3,13,3,1
1.0,9434,37,482,9606,10,2,36,3,10,15,3,1
1.0,5561,29,1176,3487,6,2,62,3,6,14,2,1
1.0,6646,35,1017,19368,17,2,82,6,17,13,2,1
1.0,7725,33,1296,5335,15,2,30,6,13,23,3,3
1.0,10725,54,397,6729,16,2,88,19,9,15,3,2
1.0,8847,36,913,13934,13,1,48,9,3,11,2,2
1.0,2045,27,1115,15174,5,2,54,3,4,13,1,0
1.0,1009,20,1362,26999,1,1,32,10,1,11,4,1
1.0,3348,33,1076,3164,10,1,70,3,10,11,1,1
1.0,1281,35,727,16900,1,2,41,3,1,18,3,1
1.0,2819,23,885,8544,5,2,58,4,3,16,1,2
1.0,4851,25,810,15678,4,2,57,8,3,22,4,0
1.0,4028,38,243,7791,8,2,46,7,7,20,4,0
1.0,2720,29,806,18959,10,2,76,1,10,18,2,1
1.0,8120,48,817,18597,12,2,56,2,2,12,2,3
1.0,4647,27,1410,16673,6,1,71,3,6,20,4,1
1.0,4680,37,1225,15232,4,2,80,10,1,17,4,3
1.0,3221,50,1207,3297,20,1,74,28,20,11,4,1
1.0,8621,34,1442,17654,9,2,46,9,8,14,4,1
1.0,4577,24,693,24785,4,2,65,3,2,14,1,9
1.0,4553,39,408,20978,20,2,80,2,20,11,4,1
1.0,5396,32,929,21703,10,2,55,10,10,12,4,1
1.0,6796,50,562,23452,18,1,50,8,4,14,2,3
1.0,7625,38,827,19383,10,2,33,1,9,13,2,0
1.0,7412,27,608,6009,9,2,68,1,9,11,3,1
1.0,11159,32,1018,19373,10,2,39,3,7,15,3,3
1.0,4960,47,703,11825,20,2,42,14,7,12,4,2
1.0,10475,40,580,23772,20,1,48,5,18,21,4,5
1.0,14814,53,970,13514,32,2,59,7,5,19,3,3
1.0,19141,41,427,8861,23,2,73,10,21,15,2,3
1.0,5405,60,1179,11924,10,2,84,16,2,14,1,8
1.0,8793,27,294,4809,9,2,32,10,9,21,4,1
1.0,19189,41,314,19562,22,2,59,1,22,12,4,1
1.0,3875,50,316,9983,4,2,54,8,2,15,4,7
1.0,2216,28,654,3872,10,1,67,1,7,13,1,7
1.0,11713,36,427,20335,10,2,63,8,8,14,1,9
1.0,7861,38,168,15397,10,1,81,1,1,14,3,4
1.0,3708,44,381,2104,9,2,49,24,5,14,1,2
1.0,13770,47,217,10225,28,1,49,3,22,12,4,9
1.0,5304,30,501,25275,10,2,99,27,8,23,3,7
1.0,2642,29,1396,2755,1,2,99,10,1,11,3,1
1.0,2759,42,933,20366,7,1,57,19,2,12,3,6
1.0,6804,43,775,23683,7,2,47,15,2,18,4,3
1.0,6142,34,970,7360,10,2,96,8,5,11,2,3
1.0,2500,23,650,4344,5,2,37,9,4,14,2,1
1.0,6389,39,141,18767,12,2,44,3,8,15,3,9
1.0,11103,56,832,20420,30,2,81,9,10,11,3,7
1.0,2342,40,804,22929,5,1,86,2,4,20,4,0
1.0,6811,27,975,23398,9,2,55,7,7,19,4,8
1.0,2297,29,1090,17967,2,2,83,10,2,14,4,1
1.0,2450,53,346,10919,19,2,86,6,2,17,4,2
1.0,5093,35,1225,4761,16,2,61,2,1,11,4,2
1.0,5309,32,430,21146,10,2,80,24,10,15,1,1
1.0,3057,38,268,20471,6,1,92,2,1,13,4,6
1.0,5121,34,167,4187,7,2,32,8,0,14,2,3
1.0,16856,52,621,10084,34,2,31,3,34,11,3,1
1.0,2686,33,527,5207,10,1,63,1,10,13,4,1
1.0,6180,25,883,22807,6,2,32,26,6,23,3,1
1.0,6632,45,954,12388,9,2,46,2,8,13,2,0
1.0,3505,23,310,19630,2,2,79,10,2,18,1,1
1.0,6397,47,719,10339,8,1,77,27,5,12,2,4
1.0,6274,34,304,18686,6,2,60,2,6,22,4,1
1.0,19859,55,725,21199,24,1,78,2,5,13,4,5
1.0,7587,36,1434,14229,10,2,76,8,10,15,1,1
1.0,4258,52,715,26589,5,2,41,19,4,18,4,0
1.0,4364,26,575,5288,5,2,71,1,2,14,1,3
1.0,4335,29,657,25549,11,2,66,27,8,12,2,4
1.0,5326,26,1146,3064,6,2,38,8,4,17,4,6
1.0,3280,34,182,13551,10,2,72,1,4,16,2,2
1.0,5485,54,376,22670,9,1,95,19,5,11,4,9
1.0,4342,27,829,24008,5,2,84,8,4,19,3,0
1.0,2782,37,571,19905,6,1,82,10,5,13,4,0
1.0,5980,38,240,26085,17,1,75,2,15,12,1,6
1.0,4381,34,121,7530,6,2,86,2,6,11,3,1
1.0,2572,35,384,20317,3,2,72,8,3,16,1,1
1.0,3833,30,921,24375,7,2,38,1,2,21,4,3
1.0,4244,40,791,9931,8,2,38,2,8,24,3,1
1.0,6500,34,1111,13305,6,2,93,8,3,17,3,5
1.0,18430,42,570,16225,24,2,66,8,24,13,2,1
1.0,1601,23,1243,3445,1,1,63,6,0,21,3,1
1.0,2694,24,1092,26551,1,2,60,9,1,11,3,1
1.0,3149,52,1325,21821,9,2,82,11,5,20,4,8
1.0,17639,50,691,6881,30,2,64,2,4,16,3,5
1.0,2319,29,805,6689,1,1,36,1,1,11,2,1
1.0,11691,33,213,25995,14,2,49,7,13,11,3,0
1.0,5324,33,118,26507,6,2,69,16,3,15,1,5
1.0,16752,47,202,12982,26,1,33,2,26,11,3,1
1.0,5228,36,676,23361,10,2,35,1,9,15,3,0
1.0,2700,29,1252,23779,10,2,81,23,10,24,3,1
1.0,19246,58,286,25761,40,1,31,2,31,12,4,7
1.0,2506,35,1258,13301,7,2,40,1,2,13,4,3
1.0,6062,42,932,4051,8,1,43,1,4,13,4,9
1.0,4382,28,890,16374,5,2,46,2,2,17,3,6
1.0,2143,36,1041,25527,8,2,36,13,5,13,3,4
1.0,6162,32,859,19124,14,2,98,4,14,12,3,1
1.0,5094,40,720,11983,10,2,51,16,1,14,1,6
1.0,6877,30,946,20234,12,1,52,2,0,24,3,5
1.0,2274,45,252,6153,1,2,95,2,1,14,2,1
1.0,4434,42,933,11806,10,2,98,29,9,13,2,1
1.0,6288,38,471,4284,13,2,45,12,4,15,1,2
1.0,2553,34,702,8306,6,2,100,16,5,16,3,1
1.0,7654,49,1184,5860,9,2,43,11,9,18,3,1
1.0,5160,55,436,21519,12,2,37,2,9,16,3,4
1.0,17159,43,589,5200,22,2,94,14,4,24,2,6
1.0,12808,27,269,8842,9,1,42,5,9,16,3,1
1.0,10221,35,950,18869,17,2,59,7,8,21,3,3
1.0,4779,28,760,3698,8,1,81,2,8,20,2,1
1.0,3737,34,829,2243,4,2,88,3,3,19,3,0
1.0,2366,26,887,20898,8,1,88,5,8,14,3,1
1.0,1706,27,443,16571,0,2,50,3,0,11,4,1
1.0,16307,51,1318,5594,29,2,66,26,20,14,1,2
1.0,5933,44,625,5197,10,2,50,4,5,12,4,9
1.0,3424,25,180,21632,6,2,65,2,4,13,1,7
1.0,4037,33,586,21816,9,2,48,1,9,22,1,1
1.0,2559,35,1343,17852,6,2,53,27,6,11,3,1
1.0,6201,36,928,2823,18,1,56,1,18,14,2,1
1.0,4403,32,117,9250,8,2,73,13,5,11,2,2
1.0,3761,30,1012,2373,10,2,75,5,5,12,2,9
1.0,10934,53,661,20715,35,1,78,7,5,18,1,7
1.0,10761,45,930,19239,18,1,74,9,5,12,4,4
1.0,5175,32,638,22162,9,2,91,8,5,12,3,5
1.0,13826,52,890,19028,31,2,81,25,9,22,3,3
1.0,6334,37,342,24558,9,2,66,16,1,19,4,4
1.0,4936,28,1169,23965,6,2,63,8,5,13,2,1
1.0,4775,22,1230,19146,4,2,33,1,2,22,4,6
1.0,2818,44,986,5044,10,1,62,8,3,24,1,2
1.0,2515,42,1271,9068,8,1,35,2,2,14,2,5
1.0,2342,36,1278,8635,6,2,77,8,5,21,1,0
1.0,4194,25,141,14363,5,1,98,3,5,18,3,1
1.0,10685,35,607,23457,17,1,66,9,17,20,4,1
1.0,2022,35,130,16612,10,1,96,25,10,19,4,1
1.0,2314,32,300,9148,4,2,61,1,3,12,4,0
1.0,4256,25,583,18154,5,2,87,4,5,12,3,1
1.0,3580,49,1418,10554,7,2,36,1,4,16,3,2
1.0,3162,24,1269,10778,6,2,46,4,5,17,1,0
1.0,6524,32,379,8891,10,2,48,5,10,14,2,1
1.0,2899,38,395,12102,3,2,98,9,2,19,2,0
1.0,5231,42,1265,23726,17,1,95,3,5,13,3,2
1.0,2356,31,1222,14871,8,1,48,11,6,19,4,3
1.0,2800,29,341,23522,5,1,48,1,3,19,2,6
1.0,11836,53,868,22789,28,2,73,8,2,14,1,5
1.0,10903,35,672,9129,16,2,78,25,13,16,4,3
1.0,2973,37,1231,21222,10,2,54,21,5,15,3,5
1.0,14275,53,102,20206,33,2,72,23,12,18,4,6
1.0,5562,43,422,21782,12,2,33,1,5,13,4,4
1.0,4537,47,249,17783,8,1,35,2,7,22,3,0
1.0,7642,37,1252,4814,10,1,32,19,10,13,1,1
1.0,17924,50,881,4544,31,2,98,2,31,11,1,1
1.0,5204,39,1383,7790,13,2,42,2,5,11,4,8
1.0,2277,33,1075,22650,7,1,57,3,4,11,4,3
1.0,2795,32,374,18016,1,1,87,25,1,24,1,1
1.0,2532,29,1086,6054,8,2,62,7,4,14,1,6
1.0,2559,44,661,7508,8,1,61,9,8,13,2,1
1.0,4908,28,821,24252,4,2,98,5,4,14,1,1
1.0,2380,58,781,13384,3,1,57,2,1,14,4,9
1.0,4765,43,177,23814,4,2,55,8,1,21,1,4
1.0,2044,20,500,22052,2,2,49,2,2,13,3,1
1.0,2693,21,1427,8870,1,2,65,18,1,19,4,1
1.0,6586,36,1425,4821,17,1,68,14,16,17,3,0
1.0,3294,47,1454,13137,3,1,65,2,3,18,4,1
1.0,4171,22,617,10022,4,1,34,3,3,19,2,0
1.0,2778,41,1085,17725,10,1,57,2,7,13,2,4
1.0,2377,28,995,9834,6,2,77,9,2,18,3,5
1.0,2404,39,1122,4303,8,1,70,6,2,21,4,7
1.0,2318,27,618,17808,1,2,76,4,1,19,2,1
1.0,2008,34,546,6896,1,2,83,10,1,14,2,1
1.0,6244,42,462,7824,10,2,68,14,5,17,3,7
1.0,2799,33,1198,3339,6,1,100,1,3,11,3,3
1.0,10552,58,1272,9255,24,1,37,5,6,13,3,2
1.0,2329,31,154,11737,13,2,41,7,7,15,2,3
1.0,4014,35,1137,19170,10,1,51,21,10,25,4,1
1.0,7403,49,527,22477,29,2,51,8,26,11,1,4
1.0,2259,48,1469,5543,13,2,51,20,0,17,4,4
1.0,6932,31,1188,24406,9,2,45,20,9,13,4,1
1.0,4678,36,188,23293,8,2,65,7,6,18,2,2
1.0,13582,38,1333,16292,15,2,80,1,15,13,4,1
1.0,2332,32,1184,3974,5,2,70,1,3,20,3,6
1.0,2413,25,867,18798,1,1,36,19,1,18,3,1
1.0,9705,40,658,20652,11,2,67,10,1,12,1,2
1.0,4294,26,1283,11148,7,2,52,1,7,12,3,1
1.0,4721,41,263,3119,20,1,59,6,18,13,4,2
1.0,2519,36,938,12287,16,2,79,2,11,21,3,4
1.0,2121,19,419,9947,1,1,37,21,1,13,4,1
1.0,2973,20,129,13008,1,2,84,4,1,19,1,1
1.0,5855,31,616,17369,10,1,41,12,9,11,4,0
1.0,3617,40,1469,25063,3,1,35,9,1,14,4,8
1.0,6725,32,498,13554,8,2,93,3,8,12,3,1
1.0,10325,36,530,5518,16,1,51,3,16,11,3,1
1.0,6949,33,1069,12291,6,2,42,1,5,14,2,0
1.0,10609,37,625,14922,17,2,46,1,14,11,1,5
1.0,4447,45,805,23163,9,2,57,4,9,12,3,1
1.0,2157,29,1404,18203,3,2,84,20,3,15,3,1
1.0,4601,35,1219,6179,5,2,86,18,5,16,3,1
1.0,17099,52,1053,13829,26,2,70,1,9,15,4,2
1.0,2479,58,289,26227,7,2,51,2,1,24,4,4
1.0,14852,53,1376,13938,22,2,45,2,17,13,3,6
1.0,7264,30,231,9977,10,2,62,8,8,11,3,5
1.0,5666,38,152,19899,6,1,85,10,5,13,3,1
1.0,7823,35,882,6812,12,2,92,3,10,13,4,6
1.0,7880,39,903,2560,9,2,41,2,8,18,1,0
1.0,13194,40,1479,17071,22,1,100,24,1,16,2,4
1.0,5067,47,1379,6759,20,1,64,16,19,19,3,1
1.0,5079,36,1229,25952,12,2,84,8,7,13,1,4
1.0,2321,31,335,10322,4,1,46,9,3,22,3,0
1.0,17444,33,722,20489,10,2,38,17,10,11,4,1
1.0,2404,29,906,11479,3,1,92,10,0,20,4,6
1.0,3452,33,461,17241,5,2,53,13,3,18,2,3
1.0,2270,45,974,11005,8,2,91,1,5,14,4,3
1.0,17399,50,1126,6615,32,2,66,1,5,22,4,9
1.0,5488,33,827,20161,6,1,84,1,6,13,3,1
1.0,19419,41,840,3735,21,2,64,9,18,17,1,2
1.0,2811,27,1134,12086,4,2,37,16,2,14,3,9
1.0,3633,45,248,14039,9,1,42,23,9,15,4,1
1.0,4163,47,955,8571,9,1,83,4,9,17,4,1
1.0,2132,30,138,11539,7,1,48,22,5,11,1,4
1.0,13973,50,939,4161,22,1,95,24,12,18,4,3
1.0,2684,38,1391,12127,3,2,66,10,2,17,3,0
1.0,10845,46,566,24208,13,2,75,7,8,13,4,6
1.0,4377,24,1206,24117,5,2,41,17,4,15,4,1
1.0,3743,35,622,10074,5,1,39,14,4,24,3,1
1.0,4148,31,853,11275,4,2,96,1,4,12,3,1
1.0,1051,18,287,13493,0,2,73,5,0,15,2,1
1.0,10739,54,1441,13943,22,2,56,17,10,11,3,8
1.0,10388,35,583,6975,16,1,57,25,16,11,3,1
1.0,11416,30,153,17802,9,1,73,8,8,12,2,0
1.0,2600,20,1097,18275,1,1,98,11,1,15,4,1
1.0,2422,30,109,25725,4,2,60,5,3,17,2,0
1.0,5472,26,1066,3334,8,2,32,2,8,12,4,1
1.0,2451,22,217,6881,4,2,94,8,4,15,2,1
1.0,4240,48,277,13119,19,2,97,6,2,13,1,2
1.0,10999,48,1355,22245,27,2,78,4,15,14,3,7
1.0,5003,41,549,23371,8,2,42,7,2,14,4,6
1.0,12742,39,466,7060,21,2,65,1,21,16,4,1
1.0,4227,27,1055,4658,4,2,47,2,3,18,1,0
1.0,3917,35,802,9541,3,2,45,10,3,20,2,1
1.0,18303,42,265,7770,21,2,90,5,1,13,4,6
1.0,2380,50,804,20165,8,2,64,9,1,18,1,4
1.0,13726,59,715,21829,30,1,69,2,5,13,3,3
1.0,4777,37,1141,14382,15,2,61,11,1,15,1,5
1.0,6385,55,135,12992,17,1,62,18,8,14,3,3
1.0,19973,41,247,20284,21,2,55,7,21,22,2,1
1.0,6861,38,1035,4981,19,1,42,3,1,12,2,8
1.0,4969,26,265,21813,7,2,79,29,2,18,2,8
1.0,19845,52,266,25846,33,2,57,2,32,15,1,1
1.0,13320,44,1448,11737,23,1,53,28,12,18,4,3
1.0,6347,50,145,24920,19,2,95,1,18,12,4,0
1.0,2743,36,885,8269,18,2,43,16,17,16,3,1
1.0,10880,39,945,5083,21,1,82,22,21,13,4,1
1.0,2342,33,1038,21437,3,2,88,8,2,19,2,0
1.0,17650,45,1234,5404,26,2,90,11,9,13,4,3
1.0,4025,32,1109,11135,10,2,69,29,8,12,4,9
1.0,9725,34,216,12278,16,2,75,1,15,11,2,0
1.0,11904,59,1089,11038,14,1,66,1,6,14,2,3
1.0,2177,45,788,8318,6,2,36,24,6,16,2,1
1.0,7525,53,124,23537,30,2,38,2,15,12,3,2
1.0,4834,36,660,7858,9,2,81,15,1,14,1,7
1.0,2042,26,342,15346,6,1,57,2,3,14,1,6
1.0,2220,34,1333,18410,1,1,87,10,1,19,3,1
1.0,1052,28,1144,23384,1,2,74,10,1,22,4,1
1.0,2821,38,1186,2997,8,2,44,3,2,16,3,3
1.0,19237,50,1464,12853,29,1,62,2,8,11,2,2
1.0,4107,37,124,13848,8,2,35,3,4,15,4,3
1.0,8396,40,300,22217,8,2,74,26,7,14,3,1
1.0,2007,26,921,25265,5,2,66,1,5,13,1,1
1.0,19627,46,430,21445,23,2,40,1,2,17,4,9
1.0,10686,54,1082,8392,13,2,41,2,9,11,3,6
1.0,2942,56,1240,12154,18,2,63,9,5,19,1,2
1.0,8858,36,796,15669,15,2,51,12,14,11,4,0
1.0,16756,55,444,17323,31,2,40,2,9,15,3,7
1.0,10798,43,415,5268,18,2,79,25,1,13,3,5
1.0,2323,20,769,17205,2,1,54,9,2,14,4,1
1.0,1416,21,1334,17258,1,2,36,10,1,13,3,1
1.0,4615,46,1003,21029,19,1,74,8,16,23,4,8
1.0,2461,51,1323,10332,18,1,34,4,10,12,1,9
1.0,8722,28,1366,12355,10,2,72,24,10,12,2,1
1.0,3955,26,192,11141,6,2,59,1,5,16,1,1
1.0,9957,30,1176,9096,7,2,85,20,6,15,3,0
1.0,3376,41,509,18863,10,2,43,7,10,13,2,1
1.0,8823,38,330,24608,20,2,65,17,19,18,3,0
1.0,10322,40,1492,26542,14,2,61,20,11,20,1,4
1.0,4621,27,1277,5869,3,2,87,8,3,19,1,1
1.0,10976,55,1091,15813,23,2,65,2,3,18,4,3
1.0,3660,28,857,7909,10,2,59,10,8,13,3,3
1.0,10482,44,1376,2326,24,2,91,1,20,14,2,9
1.0,7119,33,654,21214,9,2,34,5,3,15,4,4
1.0,9582,35,1204,10333,9,1,86,4,8,22,4,0
1.0,4508,33,827,3129,14,2,54,29,13,22,1,1
1.0,2207,28,895,22482,4,2,50,15,4,16,1,1
1.0,7756,34,618,22266,7,2,45,3,6,17,1,0
1.0,6694,37,309,24223,8,1,88,10,1,14,4,2
1.0,3691,25,1219,4605,7,1,32,4,7,15,4,1
1.0,2377,26,1330,19373,1,2,37,21,1,20,1,1
1.0,2313,33,1017,2993,5,1,55,25,2,20,1,4
1.0,17665,42,469,14399,23,2,35,2,22,17,4,0
1.0,2596,28,1009,7160,1,2,45,1,1,15,1,1
1.0,4728,50,959,17251,5,1,81,1,0,14,4,3
1.0,4302,33,970,13401,4,2,30,7,3,17,4,0
1.0,2979,34,697,22478,6,2,40,3,0,17,3,3
1.0,16885,48,1262,16154,27,2,35,1,5,22,1,2
1.0,5593,45,1050,17970,15,2,65,9,15,13,2,1
1.0,10445,52,994,15322,18,2,87,7,8,19,2,7
1.0,8740,38,770,5569,9,1,73,10,8,14,3,0
1.0,2514,29,1107,26968,11,2,93,28,7,22,3,4
1.0,7655,28,950,8039,10,2,93,3,9,17,4,0
1.0,17465,46,406,15596,23,2,52,3,12,12,1,3
1.0,7351,38,130,20619,10,2,32,2,1,16,4,7
1.0,10820,43,1082,11535,18,2,83,27,8,11,3,8
1.0,12169,39,203,13547,21,2,84,2,18,11,1,7
1.0,19626,40,1308,17544,21,2,44,14,20,14,3,1
1.0,2070,21,984,25326,2,1,70,1,2,11,4,1
1.0,6782,39,439,8770,9,2,70,9,5,15,3,9
1.0,7779,36,217,23238,18,2,78,18,11,20,1,2
1.0,2791,31,793,21981,3,2,67,20,2,12,3,0
1.0,3201,28,1451,19911,6,2,67,2,5,17,1,0
1.0,4968,35,1182,18500,5,2,54,11,5,11,4,1
1.0,13120,49,174,11879,22,2,56,8,9,17,4,6
1.0,4033,34,1003,15834,5,2,95,2,3,11,4,2
1.0,3291,29,490,17940,8,2,61,10,7,14,4,0
1.0,4272,42,188,9558,16,2,56,29,1,19,2,4
1.0,5056,29,718,17689,10,1,79,8,10,15,2,1
1.0,2844,38,433,6004,7,2,37,1,7,13,3,1
1.0,2703,28,773,22088,3,1,39,6,3,14,3,1
1.0,1904,18,247,13556,0,2,80,8,0,12,3,1
1.0,8224,33,603,18385,6,1,77,9,5,17,1,0
1.0,4766,41,167,9051,6,1,46,12,1,11,2,3
1.0,2610,31,874,6233,2,2,72,15,2,12,3,1
1.0,5731,37,367,17171,9,2,52,25,6,13,3,7
1.0,2539,27,199,7950,4,2,55,6,4,13,4,1
1.0,5714,34,1400,5829,6,2,70,9,6,20,2,1
1.0,4323,35,528,7108,6,2,100,8,5,17,3,1
1.0,7336,29,408,11162,11,2,45,23,11,13,4,1
1.0,13499,40,593,13782,20,2,88,9,18,17,2,9
1.0,13758,42,481,2447,22,1,44,12,21,12,3,0
1.0,5155,42,647,2253,9,2,45,4,6,13,2,7
1.0,2258,35,982,16340,10,2,58,1,8,12,4,6
1.0,3597,24,477,6409,6,2,49,24,4,22,4,8
1.0,2515,28,1485,22955,1,1,79,12,1,11,3,1
1.0,4420,26,1384,13421,8,2,82,3,8,22,1,1
1.0,6578,30,852,2706,10,2,72,10,10,18,3,1
1.0,4422,40,902,21203,16,1,92,26,1,13,3,3
1.0,10274,35,819,19588,15,2,44,2,7,18,3,2
1.0,5343,34,669,25755,14,2,97,1,13,20,4,0
1.0,2376,35,636,26537,2,2,47,4,2,13,4,1
1.0,5346,43,1372,9489,7,2,85,9,4,13,1,8
1.0,2827,32,862,14947,1,2,76,2,1,12,3,1
1.0,19943,56,718,18575,28,2,92,4,5,13,4,4
1.0,3131,29,1401,26342,10,2,54,6,10,13,2,1
1.0,2552,19,645,7172,1,2,54,9,1,25,3,1
1.0,4477,45,1457,20100,7,1,83,7,3,19,1,4
1.0,6474,37,977,9961,14,2,56,1,14,13,4,1
1.0,3033,20,805,12828,2,2,87,3,2,12,1,1
1.0,2936,44,1097,10826,6,1,96,10,6,11,3,1
1.0,18606,53,1223,18640,26,2,50,7,7,18,4,3
1.0,2168,29,942,26933,6,1,69,15,5,18,2,0
1.0,2853,22,1256,4223,1,1,48,3,0,11,3,0
1.0,17048,46,1402,24097,28,2,69,2,26,23,3,8
1.0,2290,44,111,4279,6,2,74,17,0,13,4,2
1.0,3600,33,147,8429,5,2,99,2,5,13,2,1
1.0,2107,41,906,20293,5,2,95,5,1,17,1,6
1.0,4115,30,1329,13192,8,2,61,29,4,19,3,8
1.0,4327,40,1184,25440,5,2,62,2,0,12,2,5
1.0,17856,50,1421,9490,32,2,30,2,2,22,4,2
1.0,3196,28,1179,12449,6,2,78,19,6,12,4,1
1.0,19081,46,1450,10849,25,2,52,15,4,11,4,5
1.0,8966,35,1361,21026,15,1,94,17,7,15,3,3
1.0,2210,24,984,3372,1,2,97,17,1,13,4,1
1.0,4539,33,1146,4905,10,2,82,25,10,12,2,1
1.0,2741,36,917,6865,7,2,60,6,7,14,3,1
1.0,3491,30,853,11309,10,2,49,7,10,13,3,1
1.0,4541,44,200,7744,20,2,32,29,20,25,4,1
1.0,2678,20,654,5050,2,2,43,21,2,17,3,1
1.0,7379,46,150,17433,12,2,60,2,6,11,4,2
1.0,6272,42,179,12858,10,2,79,2,4,16,4,7
1.0,5220,60,696,10893,12,1,52,7,11,18,2,0
1.0,2743,32,116,7331,2,2,77,13,2,20,3,1
1.0,4998,32,1316,2338,10,1,38,2,8,14,4,4
1.0,10252,36,363,4235,17,1,77,1,7,21,3,2
1.0,2781,33,117,6311,15,2,60,9,14,13,1,0
1.0,6852,40,107,11591,7,2,84,10,5,12,2,7
1.0,4950,25,1356,20623,5,2,57,10,4,14,3,0
1.0,3579,30,1465,9369,12,1,63,1,11,21,4,0
1.0,13191,42,458,23281,20,1,60,26,1,17,1,3
1.0,10377,35,1212,13755,16,1,78,8,13,11,3,4
1.0,2235,27,1103,14377,9,1,42,14,9,14,1,1
1.0,10502,54,966,9659,33,2,53,1,5,17,4,7
1.0,2011,44,1117,19982,10,2,72,2,10,13,1,1
1.0,1859,19,504,6148,1,1,96,10,1,25,1,1
1.0,3760,29,1010,5598,3,2,97,1,3,15,1,1
1.0,17779,54,685,23474,36,2,85,3,10,14,4,3
1.0,6833,31,1332,17089,6,1,80,11,6,12,3,1
1.0,6812,31,1062,17198,10,2,96,24,10,19,3,1
1.0,5171,59,326,16490,13,2,48,3,6,17,3,5
1.0,19740,43,920,18625,25,2,96,3,8,14,3,3
1.0,18711,49,1098,12124,23,2,85,4,1,13,1,2
1.0,3692,36,469,9256,12,2,46,3,11,12,3,1
1.0,2559,48,969,16620,7,2,76,2,1,11,4,5
1.0,2517,27,1167,3208,5,2,76,4,5,11,1,1
1.0,6623,29,1329,4204,6,1,82,7,6,11,3,1
1.0,18265,48,715,8733,25,2,76,1,1,12,4,6
1.0,16124,29,694,3423,9,2,87,1,7,14,4,3
1.0,2585,34,1320,21643,2,2,89,20,1,17,3,0
1.0,18213,44,1099,8751,26,2,88,5,22,11,2,7
1.0,8380,33,536,21708,10,1,82,10,9,14,4,0
1.0,2994,19,265,21221,1,1,57,25,1,12,2,1
1.0,1223,23,373,16901,1,2,47,1,1,22,4,1
1.0,1118,25,599,8040,1,1,73,24,1,14,3,1
1.0,2875,26,583,9973,8,1,53,4,8,20,3,1
1.0,18824,45,1449,2493,26,1,94,2,24,16,1,2
1.0,13577,55,177,25592,34,1,37,8,33,15,4,1
1.0,2625,21,251,25308,2,2,45,10,2,20,1,1
1.0,18789,46,168,9946,26,2,33,4,11,14,4,2
1.0,4538,34,131,6039,4,1,86,2,3,12,3,0
1.0,19847,51,237,19196,31,1,83,9,29,24,4,4
1.0,10512,59,1429,20002,25,2,67,18,9,12,4,6
1.0,4444,34,135,22534,15,2,46,19,11,13,3,4
1.0,2154,28,791,6842,5,1,44,1,4,11,4,0
1.0,19190,44,1199,17477,26,2,92,4,25,14,3,1
1.0,4490,34,648,21833,14,2,56,11,10,11,3,4
1.0,3506,35,735,6020,4,1,66,6,3,14,3,0
1.0,2372,42,603,5628,18,1,78,7,1,16,2,6
1.0,10231,43,531,20364,23,2,56,4,21,14,4,3
1.0,5410,36,429,2323,18,1,53,2,16,11,3,9
1.0,7978,44,621,14075,10,2,73,15,10,11,1,1
1.0,3867,28,193,14222,2,1,52,2,2,12,4,1
1.0,2838,51,968,4257,8,2,40,6,7,14,2,0
1.0,4695,30,879,12858,10,1,72,9,8,18,3,7
1.0,3339,29,806,17285,10,1,39,7,7,13,2,3
1.0,2080,28,640,4732,5,2,84,1,3,11,4,2
1.0,2096,25,266,18830,2,2,40,1,2,18,4,1
1.0,6209,32,604,11693,10,2,56,8,10,15,3,1
1.0,18061,45,364,13035,22,2,83,25,0,22,2,3
1.0,17123,39,412,17334,21,1,94,13,19,13,3,6
1.0,2372,58,848,26076,2,2,88,23,2,12,1,1
1.0,4883,32,1089,22845,10,2,79,7,10,18,4,1
1.0,3904,39,360,22154,6,2,93,23,5,13,3,0
1.0,4627,30,1138,23631,10,2,48,6,9,12,1,0
1.0,7094,36,325,5747,10,2,63,10,7,12,4,3
1.0,3423,46,991,22957,10,2,44,1,7,12,4,6
1.0,6674,28,1476,16392,10,2,55,1,9,11,3,0
1.0,16880,50,1322,22422,25,1,43,28,3,11,4,4
1.0,9094,40,299,17235,9,1,57,25,5,12,4,2
1.0,8446,52,1030,21534,10,1,64,5,8,19,2,9
1.0,11916,30,634,25927,9,1,95,17,9,23,2,1
1.0,4534,39,524,13352,9,2,32,18,8,11,1,0
1.0,9852,31,587,8935,10,1,57,2,10,19,4,1
1.0,6151,41,256,22074,19,2,40,10,19,13,3,1
1.0,2302,31,1060,8319,3,1,54,1,3,11,4,1
1.0,2362,44,935,14669,10,2,89,3,3,12,1,4
1.0,17861,42,495,26582,21,1,37,2,20,13,3,0
1.0,19187,55,282,6992,23,2,58,2,19,14,4,4
1.0,19717,56,206,4022,36,2,99,8,7,14,4,6
1.0,3544,40,458,8532,6,2,74,16,4,16,3,9
1.0,8500,34,943,5494,10,2,86,9,9,11,4,0
1.0,4661,40,523,22455,9,2,98,2,9,13,3,1
1.0,4103,41,1018,4297,10,2,66,1,9,17,3,0
1.0,4249,35,482,2690,9,1,87,4,9,11,3,1
1.0,14026,51,770,17588,33,1,84,5,33,11,3,1
1.0,6893,38,1009,19461,11,2,31,2,7,15,2,3
1.0,6125,34,507,23553,10,2,66,15,10,12,3,1
1.0,3669,25,882,9075,7,2,67,19,3,11,4,3
1.0,10008,58,601,12023,31,1,53,7,10,14,3,7
1.0,2387,40,329,6762,7,2,88,1,4,22,2,3
1.0,4639,36,607,2261,17,2,83,7,15,16,1,2
1.0,7898,48,855,18706,11,2,54,4,10,11,4,1
1.0,2534,27,1291,6527,5,2,98,11,1,14,3,8
1.0,13142,51,1405,24439,29,2,82,11,5,16,4,3
1.0,1611,18,1124,19305,0,2,97,1,0,15,4,1
1.0,5363,35,817,10846,10,2,60,1,9,12,4,0
1.0,5071,27,793,20392,8,2,43,2,6,20,4,3
1.0,13695,55,267,9277,24,1,85,13,19,17,1,6
1.0,13402,56,1369,18235,33,1,68,23,19,12,4,4
1.0,2029,34,999,15891,5,2,92,26,5,20,1,1
1.0,6377,40,1202,13888,15,2,89,2,12,20,2,5
1.0,5429,34,285,17491,10,2,86,29,8,13,2,4
1.0,2785,31,703,11882,3,2,90,2,1,14,3,7
1.0,4614,35,662,23288,5,1,67,18,4,18,4,0
1.0,2610,38,693,15748,4,2,57,7,4,11,4,1
1.0,6687,34,404,6163,14,2,98,2,14,11,3,1
1.0,4724,28,736,24232,5,2,48,26,5,11,3,1
1.0,6179,31,330,21057,10,1,98,22,10,15,4,1
1.0,6120,39,1498,3567,8,1,44,21,5,12,1,3
1.0,10596,51,541,15395,14,2,52,2,4,11,2,2
1.0,5467,41,1200,13953,12,1,75,22,6,14,4,3
1.0,2996,37,1439,5182,8,1,54,4,6,15,3,7
1.0,9998,33,1111,19293,8,2,61,5,5,13,2,6
1.0,4078,32,499,20497,4,1,36,2,3,13,3,0
1.0,10920,39,1485,3449,13,2,71,25,6,21,3,3
1.0,6232,25,1372,12477,6,2,93,18,3,11,1,2
1.0,13247,52,322,9731,24,1,59,28,5,11,4,2
1.0,4081,43,930,20003,20,1,73,6,20,14,1,1
1.0,5769,27,205,7100,6,1,98,10,6,11,4,1
1.0,2394,27,135,25681,8,1,51,17,8,13,4,1
1.0,3904,26,683,4050,5,2,36,2,4,12,1,0
1.0,16799,42,1147,16616,21,2,31,10,20,14,3,0
1.0,2950,52,258,17363,12,2,54,8,5,13,3,9
1.0,3629,37,1462,19106,8,2,94,11,3,18,1,4
1.0,9362,35,200,19944,10,2,60,18,2,11,3,2
1.0,3229,25,949,4910,7,2,81,1,3,11,1,4
1.0,3578,26,652,23577,8,2,100,7,7,12,3,0
1.0,7988,29,332,9769,10,2,51,17,10,13,2,1
1.0,4284,49,1475,22710,20,2,97,28,4,20,1,3
1.0,7553,29,337,22930,9,1,84,14,8,12,3,0
1.0,17328,54,971,5652,29,2,54,1,20,19,4,6
1.0,19701,58,1055,22456,32,1,76,1,9,21,4,3
1.0,14732,55,1136,12414,31,2,81,1,7,13,2,2
1.0,9278,36,1174,20763,15,1,99,3,5,16,1,3
1.0,1359,31,667,16154,1,2,50,1,1,12,2,1
1.0,4779,30,855,12761,8,2,73,7,3,14,4,7
1.0,16422,31,182,8847,9,2,93,8,3,11,1,3
1.0,2996,34,560,20284,10,2,91,1,4,14,4,5
1.0,1261,31,202,22262,1,2,34,8,1,12,1,1
1.0,2099,27,1377,7679,6,2,91,11,5,14,2,0
1.0,5810,36,172,22604,10,2,37,4,10,16,1,1
1.0,5647,36,329,13494,11,2,98,16,3,13,3,4
1.0,3420,47,465,10205,17,2,74,1,6,12,1,7
1.0,4400,25,383,15182,6,2,68,9,3,12,1,3
1.0,3500,37,1413,25470,7,2,84,5,6,14,3,0
1.0,2066,56,1255,10494,5,2,90,1,3,22,1,2
1.0,17169,47,359,26703,26,2,82,2,20,19,1,3
1.0,4162,24,1476,15211,5,1,42,4,5,12,4,1
1.0,9204,32,601,23343,7,2,97,7,4,12,4,4
1.0,3294,34,401,3708,7,2,86,1,5,17,4,5
1.0,2127,41,1283,5561,7,1,90,5,4,12,2,2
1.0,3975,40,663,23099,11,2,81,9,8,11,3,3
1.0,10793,31,326,8386,13,2,31,8,13,18,1,1
1.0,10096,46,377,15986,28,2,52,9,7,11,1,4
1.0,3646,39,592,17181,11,1,54,2,1,23,1,2
1.0,7446,31,1445,8931,10,2,100,1,10,11,3,1
1.0,10851,45,1038,19863,24,1,95,20,7,18,2,2
1.0,2109,31,1398,24609,8,2,96,8,3,18,4,9
1.0,3722,31,523,21081,7,1,94,2,2,13,2,6
1.0,9380,45,1448,14720,10,1,55,29,3,18,2,4
1.0,5486,48,1221,24795,15,2,96,7,2,11,3,4
1.0,2742,34,1107,3072,2,2,52,9,2,15,1,1
1.0,13757,40,218,25178,16,2,55,8,9,11,4,2
1.0,8463,28,866,23490,6,2,84,5,5,18,4,0
1.0,3162,44,981,7973,7,2,90,5,5,14,3,3
1.0,16598,53,447,19764,35,2,39,2,9,12,4,4
1.0,6651,49,1495,21534,20,2,96,5,3,14,1,2
1.0,2345,40,896,8045,8,2,68,2,3,14,3,2
1.0,3420,44,1467,21158,6,2,49,20,5,13,4,1
1.0,4373,33,430,17456,5,2,54,7,4,14,4,0
1.0,4759,34,1326,15891,15,2,81,3,13,18,4,3
1.0,5301,30,1358,2939,4,2,96,16,2,15,4,8
1.0,3673,42,748,16458,12,2,74,9,12,13,1,1
1.0,4768,44,383,9282,11,2,79,1,1,12,1,7
1.0,1274,30,990,7152,1,2,64,7,1,13,3,1
1.0,4900,57,405,2721,13,2,93,1,12,24,2,0
1.0,10466,49,1490,20948,29,2,35,7,8,14,3,3
1.0,17007,34,829,11929,16,2,71,15,14,14,2,7
1.0,2909,28,1496,15747,5,2,92,1,3,15,1,3
1.0,5765,29,115,17485,7,2,51,13,5,11,1,5
1.0,4599,34,790,7815,16,1,40,24,15,23,1,0
1.0,2404,35,660,16192,1,2,76,7,1,13,4,1
1.0,3172,24,381,16998,4,1,89,9,0,11,2,2
1.0,2033,24,830,7103,1,2,78,13,1,13,4,1
1.0,10209,44,1193,19719,16,1,86,2,2,18,2,5
1.0,8620,29,1246,23757,10,2,77,19,10,14,3,1
1.0,2064,30,330,15428,6,2,46,1,5,21,3,0
1.0,4035,55,1229,16143,4,1,30,4,3,16,4,0
1.0,3838,33,1099,8192,8,2,82,4,5,11,1,8
1.0,4591,47,571,24200,11,1,78,14,5,17,3,3
1.0,2561,28,289,5355,8,2,38,2,0,11,3,7
1.0,1563,28,1423,12530,1,2,72,1,1,14,1,1
1.0,4898,28,467,11827,5,2,55,7,4,14,3,0
1.0,4789,49,271,23070,10,2,43,3,3,25,3,4
1.0,3180,29,410,4668,4,2,97,2,3,13,4,0
1.0,6549,28,1083,3173,8,2,96,29,8,14,3,1
1.0,6388,33,516,22049,14,1,69,8,0,17,4,2
1.0,11244,32,495,21072,10,2,64,10,5,25,3,2
1.0,16032,54,1050,24456,26,2,87,11,14,20,2,3
1.0,2362,29,224,7568,11,2,100,1,9,13,1,6
1.0,16328,44,136,22074,24,2,32,28,20,13,4,3
1.0,8376,39,1089,9150,9,2,32,6,2,18,2,4
1.0,16606,46,228,11380,23,2,51,3,13,12,3,8
1.0,8606,35,1029,21195,11,2,91,16,11,19,4,1
1.0,2272,23,507,24812,5,2,97,20,4,14,1,0
1.0,2018,40,676,21831,15,2,86,9,5,14,4,3
1.0,7083,34,971,12288,10,1,64,1,10,14,4,1
1.0,4084,31,561,4156,7,2,33,3,7,12,4,1
1.0,14411,50,333,24450,32,1,88,22,32,13,3,1
1.0,2308,34,1440,4944,12,1,55,7,11,25,2,0
1.0,4841,42,1210,24052,4,2,68,2,1,14,3,4
1.0,4285,37,674,3031,10,2,47,13,10,17,1,1
1.0,9715,29,441,7288,9,2,39,8,7,13,3,3
1.0,4320,33,575,24152,5,2,44,25,5,13,4,1
1.0,2132,45,950,4585,8,2,97,28,5,20,4,4
1.0,10124,42,288,18611,24,1,40,2,20,14,4,2
1.0,5473,40,1342,19345,9,2,47,9,8,12,1,0
1.0,5207,33,589,22949,15,1,79,28,15,12,2,1
1.0,16437,40,898,17381,21,1,38,6,21,21,3,1
1.0,2296,24,350,10036,2,2,57,21,1,14,3,0
1.0,4069,40,1142,8841,8,1,72,8,2,18,4,3
1.0,7441,45,538,20933,10,2,66,1,10,12,1,1
1.0,2430,35,1402,26204,6,2,98,28,5,23,2,0
1.0,5878,32,824,15624,12,2,67,5,7,12,4,3
1.0,2644,36,1157,17001,7,1,70,2,3,21,3,3
1.0,6439,48,492,13693,18,2,96,16,8,14,3,8
1.0,2451,29,598,22376,5,2,91,9,1,18,3,6
1.0,6392,33,1242,10589,8,2,46,8,2,13,1,2
1.0,9714,30,740,5323,10,2,64,1,10,11,2,1
1.0,6077,38,888,14814,10,2,71,10,6,11,3,3
1.0,2450,35,992,21731,3,2,68,1,3,19,4,1
1.0,9250,30,1288,17799,9,2,33,29,4,12,3,3
1.0,2074,35,104,26619,1,1,69,2,1,12,1,1
1.0,10169,53,607,14618,34,2,78,2,33,16,3,0
1.0,4855,38,903,7653,7,2,81,2,5,11,3,4
1.0,4087,32,1200,25174,9,2,62,1,6,14,4,4
1.0,2367,48,1108,16530,10,2,65,15,8,12,3,8
1.0,2972,34,479,22061,1,2,35,7,1,13,1,1
1.0,19586,55,685,23037,36,2,60,26,36,21,3,1
1.0,5484,34,1351,13008,9,2,45,1,2,17,2,9
1.0,2061,26,474,11133,1,2,89,3,1,21,1,1
1.0,9924,38,1245,12355,10,2,80,14,9,11,3,0
1.0,4198,38,437,16379,8,2,90,16,3,12,2,2
1.0,6815,36,884,21447,15,2,73,1,1,13,2,6
1.0,4723,29,1370,16213,10,1,87,3,10,18,2,1
1.0,6142,35,670,4223,10,1,51,10,5,16,1,3
1.0,8237,39,1462,4658,11,2,38,6,7,11,4,2
1.0,8853,29,995,24483,6,2,87,2,6,19,1,1
1.0,19331,50,264,19519,27,1,59,9,1,16,3,4
1.0,2073,23,977,12826,4,2,45,10,2,16,4,2
1.0,5562,36,1302,19711,9,1,80,6,3,13,1,3
1.0,19613,42,1059,26362,24,2,93,9,1,22,4,8
1.0,3407,35,750,25348,10,2,46,28,10,17,2,1
1.0,5063,34,653,15332,8,2,92,10,8,14,4,1
1.0,4639,40,118,11262,5,2,84,14,5,15,4,1
1.0,4876,43,990,5855,8,2,87,27,6,12,4,5
1.0,2690,35,1349,7713,1,2,63,7,1,18,3,1
1.0,17567,46,563,3156,27,2,56,1,26,15,4,1
1.0,2408,28,329,7324,1,1,51,24,1,17,3,1
1.0,2814,22,457,10293,4,1,85,26,4,14,2,1
1.0,11245,50,1234,20689,32,1,41,20,30,15,2,2
1.0,3312,32,634,18783,6,2,35,5,3,17,2,3
1.0,19049,44,1313,3549,23,1,31,7,22,14,2,0
1.0,2141,30,241,5348,6,2,48,7,6,12,2,1
1.0,5769,45,1015,23447,10,1,50,5,10,14,3,1
1.0,4385,45,336,24162,10,2,52,26,10,15,1,1
1.0,5332,31,715,21602,10,2,54,2,5,13,4,7
1.0,4663,36,559,12421,7,1,76,12,3,12,3,9
1.0,4724,34,426,17000,9,2,42,10,9,13,3,1
1.0,3211,49,722,22102,10,2,84,25,9,14,3,1
1.0,5377,39,1387,3835,10,2,76,10,7,13,2,2
1.0,4066,27,1302,16290,7,2,67,19,7,11,4,1
1.0,5208,35,819,26312,16,2,48,18,16,11,2,1
1.0,4877,28,580,20460,6,2,39,27,5,21,2,0
1.0,3117,21,546,26009,3,2,97,5,2,18,3,1
1.0,1569,18,544,18420,0,1,70,3,0,12,2,1
1.0,19658,47,1176,5220,27,2,98,26,5,11,4,3
1.0,3069,39,170,10302,11,2,76,3,10,15,3,0
1.0,10435,40,884,25800,18,2,80,15,18,13,1,1
1.0,4148,35,208,12250,15,2,52,8,14,12,3,1
1.0,5768,37,671,26493,9,2,85,19,4,17,3,3
1.0,5042,39,711,3140,10,2,81,4,9,13,1,0
1.0,5770,45,1329,5388,10,2,59,2,10,19,4,1
1.0,7756,38,397,14199,10,1,54,2,5,19,4,3
1.0,10306,35,737,21530,15,2,55,10,13,17,4,9
1.0,3936,37,1470,9953,8,2,71,10,8,11,2,1
1.0,7945,40,448,19948,18,1,84,16,4,15,3,6
1.0,5743,44,602,10503,14,1,37,1,10,11,1,4
1.0,15202,48,365,5602,23,2,89,4,2,25,3,2
1.0,5440,35,763,22098,7,1,59,15,2,14,1,6
1.0,3760,24,567,17218,6,1,32,2,6,13,1,1
1.0,3517,27,486,22490,5,2,86,8,3,17,2,7
1.0,2580,27,591,6297,6,2,87,2,4,13,4,2
1.0,2166,40,1329,3339,10,1,73,7,4,14,1,3
1.0,5869,29,469,23413,8,2,42,10,5,11,3,9
1.0,8008,36,711,22792,9,2,42,5,3,12,2,4
1.0,5206,25,772,4973,7,2,77,2,7,17,4,1
1.0,5295,39,492,7693,7,2,66,12,5,21,4,4
1.0,16413,49,301,3498,27,2,72,22,4,16,1,3
1.0,13269,50,813,21981,19,2,50,17,14,15,4,5
1.0,2783,20,1141,13251,2,2,31,2,2,19,3,1
1.0,5433,34,1130,19332,11,2,66,3,11,12,4,1
1.0,2013,36,311,10950,15,2,77,7,4,11,1,2
1.0,13966,49,465,11652,30,1,41,6,15,19,3,2
1.0,4374,36,894,15411,4,2,33,1,3,15,4,0
1.0,6842,36,1040,26308,13,2,79,3,5,20,4,6
1.0,17426,54,584,18685,36,2,91,22,10,25,2,3
1.0,17603,43,1291,3525,14,2,65,15,14,24,3,1
1.0,4581,35,880,10414,13,1,36,12,11,24,4,3
1.0,4735,38,1189,9867,19,2,90,1,13,15,4,7
1.0,4187,29,991,3356,10,1,43,5,10,13,1,1
1.0,5505,33,392,3921,6,2,93,2,6,14,4,1
1.0,5470,32,977,25518,10,2,45,2,9,13,4,0
1.0,5476,31,1112,22589,10,2,67,5,10,11,1,1
1.0,2587,49,464,24941,17,1,74,16,2,16,4,4
1.0,2440,38,148,23826,4,2,42,2,4,22,4,1
1.0,15972,47,1225,21086,29,2,47,2,3,14,2,6
1.0,15379,49,809,22384,23,2,36,1,8,14,3,4
1.0,7082,41,1206,11591,21,1,80,23,2,16,4,3
1.0,2728,20,727,21082,2,2,54,9,2,11,4,1
1.0,5368,33,530,16130,7,1,36,16,6,25,3,1
1.0,5347,36,1351,7419,10,2,80,26,3,14,1,6
1.0,3195,44,528,4167,8,1,44,1,2,18,3,4
1.0,3989,23,1320,20586,5,1,93,8,5,11,4,1
1.0,3306,38,1495,26176,7,2,87,4,0,19,4,7
1.0,7005,53,1395,3458,11,2,48,24,4,15,2,3
1.0,2655,48,708,11740,19,1,95,7,9,11,4,2
1.0,1393,32,1259,24852,1,2,95,2,1,12,4,1
1.0,2570,26,786,11925,7,2,76,7,7,20,4,1
1.0,3537,55,1441,23737,8,2,94,22,4,12,1,5
1.0,3986,34,1157,11912,15,2,57,5,15,14,2,1
1.0,10883,60,370,20467,19,2,92,1,1,20,3,3
1.0,2028,33,267,13637,14,2,79,21,14,18,2,1
1.0,9525,37,1278,7677,6,2,31,1,6,14,3,1
1.0,2929,34,678,20338,10,2,35,19,10,12,2,1
1.0,2275,23,427,25103,3,1,99,7,3,21,3,1
1.0,7879,44,921,14810,9,1,96,2,8,19,3,1
1.0,4930,35,146,13970,6,1,79,2,5,14,1,0
1.0,7847,43,1179,6069,10,1,73,2,10,17,4,1
1.0,4401,24,581,17616,5,2,62,9,5,16,3,1
1.0,9241,41,918,15869,10,2,35,6,10,12,4,1
1.0,2974,29,1082,25412,9,2,43,9,5,17,4,9
1.0,4502,36,530,7439,17,2,51,2,13,15,3,3
1.0,10748,45,1238,3395,25,2,74,1,23,23,3,3
1.0,1555,24,240,11585,1,2,58,22,1,11,4,1
1.0,12936,47,1093,24164,25,2,82,9,23,11,3,7
1.0,2305,26,390,6217,3,2,62,17,3,15,4,1
1.0,16704,45,1005,17119,21,2,48,28,21,11,4,1
1.0,3433,32,585,17360,10,2,56,10,5,13,1,6
1.0,3477,31,741,18103,6,2,69,2,5,14,2,1
1.0,6430,41,552,20794,10,2,60,4,3,19,3,6
1.0,6516,40,369,5041,18,1,92,8,1,16,2,2
1.0,3907,24,506,3622,6,2,91,29,6,13,2,1
1.0,5562,46,717,9697,19,2,34,13,10,14,3,6
1.0,6883,35,1370,5151,17,2,49,27,7,16,4,2
1.0,2862,30,793,3811,10,2,33,16,10,12,2,1
1.0,4978,47,543,3536,4,2,87,2,1,11,3,7
1.0,10368,46,1277,5596,13,1,74,2,10,12,3,4
1.0,6134,36,1456,8658,16,1,96,13,2,13,2,5
1.0,6735,32,964,12147,10,2,34,1,0,15,1,6
1.0,3295,23,160,12862,3,2,51,4,3,13,3,1
1.0,5238,31,163,6670,9,2,30,24,5,20,4,2
1.0,6472,39,792,8989,9,1,77,1,9,15,4,1
1.0,9610,32,371,3840,10,2,80,19,4,13,4,3
1.0,19833,40,611,4349,21,2,88,7,21,14,2,1
1.0,9756,45,176,6595,9,2,56,4,5,21,3,4
1.0,4968,30,1312,26427,10,2,78,2,9,16,4,0
1.0,2145,24,897,2097,3,2,59,10,2,14,1,0
1.0,2180,30,600,9732,6,2,66,8,4,11,3,6
1.0,8346,31,1003,20943,6,2,51,5,5,19,1,1
1.0,3445,27,1054,6152,6,2,67,8,6,11,3,1
1.0,2760,29,428,14630,2,2,52,9,2,13,2,1
1.0,6294,29,461,23060,10,1,70,1,3,12,4,8
1.0,7140,30,979,3088,12,2,94,15,7,11,3,2
1.0,2932,34,181,5586,6,1,97,2,5,14,4,0
1.0,5147,33,1283,10697,13,2,62,2,11,15,4,8
1.0,4507,49,1313,8191,8,2,80,11,5,12,4,3
1.0,8564,33,211,10092,11,1,74,16,0,20,1,2
1.0,2468,38,594,15963,9,2,75,2,6,14,3,4
1.0,8161,31,1079,19002,10,2,70,16,1,13,1,2
1.0,2109,29,590,10007,1,2,91,4,1,13,4,1
1.0,5294,30,305,9128,10,2,58,16,7,16,3,3
1.0,2718,32,953,17674,12,2,65,5,7,14,2,2
1.0,5811,38,833,24539,15,1,60,18,1,16,2,3
1.0,2437,43,807,15587,6,1,38,17,1,16,3,9
1.0,2766,42,855,8952,7,2,57,12,5,22,2,8
1.0,19038,55,478,19805,34,2,60,2,1,12,3,8
1.0,3055,33,775,6194,11,2,90,4,9,15,4,5
1.0,2289,41,548,20520,5,2,94,9,5,20,3,1
1.0,4001,34,1375,12313,15,1,87,10,15,14,4,1
1.0,12965,53,661,22308,27,1,60,1,3,20,1,4
1.0,3539,43,244,5033,10,2,97,2,9,13,2,0
1.0,6029,34,511,25353,6,2,32,3,2,12,4,5
1.0,2679,21,337,4567,1,2,31,7,1,13,2,1
1.0,3702,38,1153,16376,5,2,40,6,5,11,4,1
1.0,2398,22,1294,15999,1,1,79,8,1,17,3,1
1.0,5468,31,196,13402,13,2,91,29,12,14,1,1
1.0,13116,51,942,22984,15,2,53,3,2,11,1,2
1.0,4189,37,589,8800,5,2,46,9,5,14,2,1
1.0,19328,46,734,14218,24,1,46,2,2,17,3,7
1.0,8321,36,1383,25949,15,1,90,10,12,13,4,7
1.0,2342,44,429,11092,6,1,99,1,5,12,3,1
1.0,4071,37,1239,12832,19,2,89,8,10,13,3,2
1.0,5813,35,303,13492,10,1,84,27,10,18,3,1
1.0,3143,33,867,6076,14,2,90,8,10,19,4,6
1.0,2044,28,1181,5531,5,2,82,1,5,11,3,1
1.0,13464,39,1253,7914,9,2,65,10,4,21,3,7
1.0,7991,46,849,25166,6,2,98,26,2,15,2,8
1.0,3377,40,616,25605,7,2,99,2,4,17,3,4
1.0,5538,42,1128,5696,10,2,95,13,0,18,2,5
1.0,5762,35,1180,24442,15,2,90,2,7,14,2,2
1.0,2592,38,1336,7129,13,2,100,2,11,13,1,5
1.0,5346,34,234,6208,11,2,93,9,7,17,4,4
1.0,4213,37,370,4992,10,2,58,10,10,15,4,1
1.0,4127,39,766,19188,7,2,83,20,2,18,3,2
1.0,2438,43,343,24978,7,2,52,9,3,13,1,4
1.0,6870,41,447,15530,11,2,85,5,3,12,2,3
1.0,10447,41,796,26458,23,1,81,4,22,13,3,0
1.0,9667,30,1092,2739,9,2,64,10,7,14,1,9
1.0,2148,26,920,6889,6,1,69,20,5,11,4,0
1.0,8926,46,261,10842,13,2,66,21,9,22,4,4
1.0,6513,40,1194,9060,12,2,52,1,5,17,3,4
1.0,6799,34,810,22128,10,2,92,8,10,21,2,1
1.0,16291,58,350,22577,37,2,52,2,16,22,2,4
1.0,2705,35,185,9696,6,2,91,23,5,16,2,0
1.0,10333,47,1001,19271,28,1,92,4,22,12,3,8
1.0,4448,40,750,10748,15,2,47,12,7,12,2,2
1.0,6854,54,431,15696,14,2,68,7,7,15,4,4
1.0,9637,31,1125,8277,9,2,68,7,3,14,1,2
1.0,3591,28,1217,12719,3,2,67,1,3,25,3,1
1.0,5405,38,723,4244,20,1,77,2,4,20,2,2
1.0,4684,26,572,9125,5,2,46,10,5,13,3,1
1.0,15787,58,1216,21624,23,1,87,15,2,14,1,2
1.0,1514,18,1431,8018,0,2,33,14,0,16,2,1
1.0,2956,31,359,21495,2,2,89,18,1,17,4,0
1.0,2335,29,350,3157,4,1,56,13,2,15,1,4
1.0,5154,45,589,19665,10,2,67,2,8,22,3,4
1.0,6962,36,430,19573,15,1,73,2,1,22,4,4
1.0,5675,43,1422,19246,7,2,92,2,7,20,1,1
1.0,2379,27,1297,19826,6,1,53,5,5,14,4,0
1.0,3812,29,574,7003,11,2,40,20,11,13,4,1
1.0,4648,32,1318,26075,4,2,79,10,0,13,4,8
1.0,2936,42,355,6161,10,2,38,10,6,22,3,3
1.0,2105,47,207,5411,7,2,64,9,2,12,2,4
1.0,8578,46,706,19989,12,2,82,2,9,14,4,3
1.0,2706,28,280,10494,3,2,43,1,3,15,3,1
1.0,6384,29,726,21143,11,2,93,29,7,17,4,8
1.0,3968,42,1142,13624,8,2,81,8,0,13,4,4
1.0,9907,32,414,26186,7,1,82,2,2,12,3,7
1.0,13225,46,1319,7739,25,2,45,3,19,12,1,2
1.0,3540,27,728,7018,9,2,36,23,9,21,2,1
1.0,2804,29,352,15434,1,2,87,6,1,11,4,1
1.0,19392,43,823,22539,21,2,81,6,16,13,1,7
1.0,19665,48,1224,13583,29,2,91,10,22,12,4,4
1.0,2439,29,459,14753,1,1,73,24,1,24,4,1
1.0,7314,46,1254,14011,14,2,64,10,8,21,3,5
1.0,4774,27,1131,23844,8,2,77,15,7,19,4,0
1.0,3902,39,835,5141,7,2,41,19,2,14,4,8
1.0,2662,55,836,7975,19,2,98,2,5,20,2,8
1.0,2856,28,1172,3692,1,2,78,3,1,19,2,1
1.0,1081,30,945,16019,1,2,89,9,1,13,2,1
1.0,2472,22,391,26092,1,1,75,7,1,23,4,1
1.0,5673,36,1266,6060,10,1,63,10,10,13,2,1
1.0,4197,31,311,18624,10,2,89,20,10,11,2,1
1.0,9713,34,1480,24444,9,1,64,4,5,13,3,2
1.0,2062,29,592,19384,11,2,59,7,3,14,4,3
1.0,4284,37,783,13588,16,1,78,7,5,22,4,5
1.0,4788,35,219,25388,4,1,44,16,3,11,4,0
1.0,5906,45,556,23888,10,2,93,25,9,13,2,0
1.0,3886,36,1213,4223,10,2,94,2,10,21,2,1
1.0,16823,40,1137,18991,22,2,98,1,19,11,1,2
1.0,2933,26,482,14908,1,1,90,1,1,13,2,1
1.0,6500,27,511,26997,9,2,89,2,8,14,1,0
1.0,17174,48,117,2437,24,2,58,22,22,11,4,3
1.0,5033,44,170,9364,10,2,78,1,2,15,2,2
1.0,2307,34,967,14460,5,1,85,16,5,23,4,1
1.0,2587,56,1162,10261,5,2,97,24,4,16,1,1
1.0,5507,36,335,16822,12,2,33,17,4,16,3,2
1.0,4393,41,337,26841,14,2,54,8,5,21,3,5
1.0,13348,42,1396,14842,18,2,83,6,13,13,3,9
1.0,6583,31,1079,20115,8,1,86,10,5,11,3,2
1.0,8103,34,735,16495,9,1,75,3,4,12,4,3
1.0,3978,31,471,16031,4,2,62,4,2,12,1,8
1.0,2544,26,1096,7102,8,2,61,6,7,18,3,0
1.0,5399,45,1297,14511,12,2,44,1,4,12,2,4
1.0,5487,33,217,10410,10,2,43,10,10,14,2,1
1.0,6834,28,783,19255,7,1,42,1,7,12,3,1
1.0,1091,29,746,10642,1,2,45,24,1,17,3,1
1.0,5736,39,1251,3987,10,2,32,21,3,19,1,6
1.0,2226,27,1354,6073,6,2,41,2,5,11,2,1
1.0,5747,34,735,26496,16,1,86,22,15,15,3,1
1.0,9854,28,1475,23352,6,1,84,13,2,11,4,3
1.0,5467,47,1169,2125,16,2,64,14,8,18,3,8
1.0,5380,56,1443,20328,6,2,89,11,0,16,4,4
1.0,5151,39,867,12315,10,2,87,9,10,25,1,1
1.0,2133,38,1394,18115,20,1,58,8,20,16,4,1
1.0,17875,58,605,11761,29,1,72,21,1,13,4,4
1.0,2432,32,238,15318,8,1,47,5,4,14,1,3
1.0,4771,38,1206,14293,10,2,71,9,5,19,2,2
1.0,19161,49,1064,13738,28,2,42,2,5,15,2,3
1.0,5087,42,419,2900,14,1,77,12,0,12,2,3
1.0,2863,27,1337,19555,1,2,58,22,1,12,1,1
1.0,5561,35,682,15975,6,2,71,18,5,16,2,0
1.0,2144,28,1103,2122,5,2,49,16,5,14,3,1
1.0,3065,31,976,3995,4,1,48,3,4,13,3,1
1.0,2810,36,1351,9238,5,2,66,9,5,22,1,1
1.0,9888,34,937,6770,14,2,32,1,14,21,1,1
1.0,8628,34,1239,22914,9,2,39,13,8,18,4,1
1.0,2867,26,157,20006,8,2,95,1,7,13,3,0
1.0,5373,29,136,6225,6,2,89,1,5,12,1,0
1.0,6667,32,1146,16542,9,2,34,15,5,18,3,5
1.0,5003,31,1125,5771,10,2,48,1,10,21,4,1
1.0,2367,28,1404,18779,6,2,32,17,4,12,3,5
1.0,2858,38,1404,11473,20,2,59,1,1,14,1,4
1.0,5204,35,1224,13586,10,1,55,7,10,11,3,1
1.0,4105,27,954,5099,7,2,44,9,7,14,4,1
1.0,9679,32,1373,10138,8,2,56,5,1,24,4,8
1.0,5617,31,754,21075,10,1,63,26,10,11,1,1
1.0,10448,53,1168,5843,15,1,66,24,2,13,1,6
1.0,2897,54,155,22474,9,2,67,9,4,11,1,3
1.0,5968,33,1303,18079,9,2,36,7,9,20,4,1
1.0,7510,43,574,16873,10,2,30,11,10,17,1,1
1.0,2991,38,1444,5224,7,1,88,1,6,11,4,0
1.0,19636,55,189,25811,35,1,71,26,10,18,3,4
1.0,1129,31,1276,17536,1,1,59,2,1,11,4,1
1.0,13341,39,119,25098,21,2,77,15,20,12,2,0
1.0,4332,42,335,14811,20,2,37,23,20,12,4,1
1.0,11031,31,697,26862,13,2,40,10,11,20,3,4
1.0,4440,54,157,25198,9,1,77,10,5,19,3,6
1.0,4617,24,771,14120,4,2,45,1,4,12,2,1
1.0,2647,23,571,13672,5,2,78,12,5,13,4,1
1.0,6323,40,692,26849,10,2,73,11,10,11,4,1
1.0,5677,40,444,4258,15,2,92,2,11,14,2,3
1.0,2187,25,309,19655,6,2,82,2,2,14,3,4
1.0,3748,30,911,4077,12,2,76,1,12,13,4,1
1.0,3977,25,977,7298,7,1,57,2,2,19,4,6
1.0,8633,47,1180,13084,25,2,84,25,17,23,1,2
1.0,2008,33,1313,20439,1,2,59,1,1,12,2,1
1.0,4440,38,1321,7636,16,2,86,1,15,15,4,0
1.0,3067,31,1154,6393,3,2,54,2,2,19,1,0
1.0,5321,38,508,14284,10,2,72,6,8,11,1,2
1.0,5410,42,557,11189,9,1,35,18,4,17,4,6
1.0,2782,41,642,21412,12,2,76,1,5,22,4,3
1.0,11957,47,1162,17231,14,2,98,1,13,18,3,0
1.0,2660,35,1490,20232,5,1,43,11,2,11,4,7
1.0,3375,22,581,17624,4,2,63,1,3,12,4,0
1.0,5098,35,1395,18698,10,2,48,9,10,19,2,1
1.0,4878,33,501,21653,10,1,95,15,9,13,2,0
1.0,2837,32,267,15919,6,2,49,29,6,13,3,1
1.0,2406,40,543,4060,8,2,83,1,1,19,1,8
1.0,2269,32,234,18024,3,2,68,1,2,14,2,0
1.0,4108,39,116,5340,18,2,52,24,7,13,1,7
1.0,13206,38,201,3376,20,2,99,10,18,12,2,3
1.0,10422,32,801,24032,14,2,48,1,14,19,3,1
1.0,13744,37,161,15471,16,1,42,10,16,25,3,1
1.0,4907,25,1382,13684,6,1,85,8,5,22,1,0
1.0,3482,52,585,19788,16,2,40,29,9,15,1,2
1.0,2436,44,1037,13422,6,1,42,1,4,12,2,6
1.0,2380,21,501,25479,2,1,58,5,2,11,3,1
1.0,19431,39,105,15302,21,2,87,9,6,13,4,2
1.0,1790,23,638,26956,1,2,33,9,1,19,4,1
1.0,7644,36,557,12695,10,2,94,3,9,19,1,0
1.0,5131,36,688,9192,18,2,97,4,4,13,4,7
1.0,6306,56,667,26236,13,2,57,1,13,21,3,1
1.0,4787,29,1092,26124,4,1,36,1,2,14,1,9
1.0,18880,42,300,17312,24,2,56,2,22,11,1,5
1.0,2339,56,310,3666,14,2,72,7,10,11,4,8
1.0,13570,41,582,5640,21,2,60,28,20,23,1,0
1.0,6712,34,704,8978,8,2,95,28,8,21,4,1
1.0,5406,36,301,10436,15,2,88,15,15,24,4,1
1.0,8938,41,930,12227,14,2,57,3,5,11,3,2
1.0,2439,32,529,11288,4,2,78,2,4,14,4,1
1.0,8837,35,1146,16642,9,1,31,26,9,16,3,1
1.0,5343,38,345,5982,10,2,100,10,10,11,1,1
1.0,6728,50,878,14255,12,2,94,1,6,12,2,7
1.0,6652,36,1120,14369,8,2,100,11,6,13,2,4
1.0,4850,45,374,23333,8,2,50,20,5,15,4,8
1.0,2809,40,1322,2725,8,2,52,2,2,14,3,2
1.0,5689,35,1199,24594,10,1,80,18,10,14,3,1
1.0,2001,40,1194,12549,20,2,98,2,5,14,3,2
1.0,2977,35,287,8952,4,2,62,1,4,12,3,1
1.0,4025,29,1378,23679,10,1,46,13,4,13,4,4
1.0,3785,29,468,8489,5,2,73,28,5,14,4,1
1.0,10854,50,410,16586,20,1,39,28,3,13,4,4
1.0,12031,39,722,8828,21,2,60,24,20,11,2,0
1.0,9936,31,325,3787,10,2,74,5,9,19,2,0
1.0,2966,26,1167,21378,5,2,30,5,4,18,4,0
1.0,2571,36,884,12290,17,2,41,23,5,17,3,4
1.0,9991,39,613,21457,9,2,42,6,7,15,4,4
1.0,6142,27,155,5174,6,1,87,4,6,20,2,1
1.0,5390,49,1023,13243,17,2,63,2,9,14,4,2
1.0,4404,34,628,10228,6,2,82,8,4,12,2,2
